Greg #,Greg (sort),BritDrama #,,Diplay Genre (BritDrama),Genre (BritDrama): filter terms,,Date of First Performance (BritDrama) (sort),Date of First Performance (BritDrama) (display),,Company of First Performance (BritDrama) (display),Company of First Performance (BritDrama): filter terms
1,1,[not in BritDrama],,n/a,,,,n/a,,n/a,
2,2,[not in BritDrama],,n/a,,,,n/a,,n/a,
3,3,in Supplementary List (vol. 1),,n/a,,,1514,1514 [c.1514],,n/a,
4,4,[not in BritDrama],,n/a,,,,n/a,,n/a,
5,5,[not in BritDrama],,n/a,,,,n/a,,n/a,
6,6,[not in BritDrama],,n/a,,,,n/a,,n/a,
7,7,19,,Moral,moral,,1535,1535 [early(?)] [1521-1537],,n/a,
8,8,[not in BritDrama],,n/a,,,,n/a,,n/a,
9,9,[not in BritDrama],,n/a,,,,n/a,,n/a,
10,10,[not in BritDrama],,n/a,,,,n/a,,n/a,
11,11,[not in BritDrama],,n/a,,,,n/a,,n/a,
12,12,[not in BritDrama],,n/a,,,,n/a,,n/a,
13,13,in Supplementary List (vol. 1),,n/a,,,1525,1525 [mid-1520s],,n/a,
14,14,in Supplementary List (vol. 1),,n/a,,,1528,1528 [late 1520s],,n/a,
14.5,14.5,1,,Moral,moral,,1533,1533 [Christmas or Shrovetide] [1533 or earlier],,n/a,
15,15,2,,Comedy,comedy,,1528,1528 [1519-1528],,n/a,
16,16,in Supplementary List (vol. 1),,n/a,,,1529,1529,,n/a,
17,17,in Supplementary List (vol. 1),,n/a,,,1496,1496 [1490s],,n/a,
18,18,in Supplementary List (vol. 1),,n/a,,,1496,1496 [1490s],,n/a,
19,19,in Supplementary List (vol. 1),,n/a,,,1530,1530 [c.1530],,n/a,
20,20,in Supplementary List (vol. 1),,n/a,,,1513,1513 [c.1513-1514],,n/a,
21,21,in Supplementary List (vol. 1),,n/a,,,1528,1528 [late 1520s],,n/a,
21.5,21.5,86,,Moral,moral,,1540,1540 [1537-1547],,n/a,
22,22,59,,Biblical,biblical play,,1538,1538,,n/a,
23,23,61,,Biblical,biblical play,,1538,1538,,n/a,
24,24,51,,Moral,moral,,1538,1538 [perhaps at New Year],,n/a,
25,25,207,,Moral,moral,,1550,1550 [1534-1562],,n/a,
not in Greg: STC 14109.2,25.5,208,,Moral,moral,,1550,1550 [1533-1553],,n/a,
26,26,in Supplementary List (vol. 1),,n/a,,,1520,1520 [c.1520],,n/a,
27,27,259,,Moral,moral,,1554,1554 [1554-1557],,n/a,
28,28,308,,Tragedy,tragedy,,1558,1558,,n/a,
29,29,330,,Tragedy,tragedy,,1560,1560 [Mar],,n/a,
30,30,285,,Moral,moral,,1556,1556 [1554-1558],,n/a,
31,31,203,,Moral,moral,,1550,1550 [1547-1553],,n/a,
32,32,331,,Folk Romance,romance,,1560,1560 ([May? Nov?] [1553-1569],,n/a,
33,33,in Supplementary List (vol. 1),,n/a,,,1529,1529,,n/a,
34,34,342,,Literary Tragedy,tragedy,,1561,1561,,n/a,
35,35,278,,Comedy,comedy,,1555,1555 [1553-1558],,n/a,
36,36,333,,Tragedy,tragedy,,1560,1560 [1560-1563],,n/a,
37,37,49,,Comedy,comedy,,1537,1537 [Oct] [1530-1537],,n/a,
38,38,408,,Moral,moral,,1565,"1565 [1537-1538, 1559-1565]",,n/a,
39,39,351,,Tragedy,tragedy,,1562,1562 [Jan],,n/a,
40,40,410,,Moral,moral,,1565,1565 [1558-1565],,n/a,
41,41,221,,Moral,moral,,1551,1551 [1550-1553],,n/a,
42,42,415,,Tragedy,tragedy,,1566,1566 [Feb],,n/a,
43,43,421,,Moral,moral,,1566,1566 [1559-1566],,n/a,
44,44,422,,Tragedy,tragedy,,1566,1566 [Jun],,n/a,
45,45,425,,Tragedy,tragedy,,1566,1566 [summer],,n/a,
46,46,234,,Comedy,comedy,,1552,1552 [1550-1553],,n/a,
47,47,209,,Moral,moral,,1550,"1550 [1547-1553, 1558-1562]",,n/a,
48,48,451,,Tragedy,tragedy,,1567,1567 [1559-1567],,n/a,
49,49,446,,Moral,moral,,1567,1567 [1563-1567],,n/a,
50,50,472,,Moral,moral,,1568,1568 [Sep] [1562-1568],,n/a,
51,51,251,,Biblical,biblical play,,1553,1553 [1553-1557],,n/a,
52,52,350,,Moral,moral,,1561,1561 [1558-1566],,n/a,
53,53,477,,Moral,moral,,1569,1569 [Apr] [1559-1569],,n/a,
54,54,213,,Moral,moral,,1550,1550 [1533-1553],,n/a,
55,55,461,,Moral,moral,,1568,1568 [1567-1569],,Children of Paul's (first)(?),Children of Paul's (first)
56,56,480,,Tragedy,tragedy,,1569,1569 [autumn] [1559-1569],,n/a,
57,57,468,,Moral,moral,,1568,1568 [1563-1570],,n/a,
58,58,389,,Comedy,comedy,,1564,1564 [Christmas 1564-1565],,Children of the Chapel (first),Children of the Chapel (first)
59,59,544,,Moral,moral,,1573,1573 [1570-1573],,n/a,
60,60,419,,Comedy,comedy,,1566,1566,,n/a,
61,61,438,,Tragedy,tragedy,,1566,1566 [1566-1567],,n/a,
62,62,526,,Masque,masque,,1572,1572 [Sep or Oct],,n/a,
63,63,471,,Reformation Allegory,allegory,,1568,1568 [1565-1572],,n/a,
64,64,575,,Moral,moral,,1575,1575 [1574-1580],,n/a,
65,65,432,,Tragedy,tragedy,,1566,1566 [1559-1567],,n/a,
66,66,563,,Entertainment,entertainment,,1574,1574 [Aug 14-21],,n/a,
67,67,253,,Comedy,comedy,,1553,1553 [1551-1554],,n/a,
68,68,574,,Moral,moral,,1575,1575 [spring],,n/a,
69,69,486,,Romance,romance,,1570,1570 [1558-1576],,Unknown,Unknown
70,70,597,,Moral,moral,,1576,1576 [1560-1576],,n/a,
71,71,581,,Biblical,biblical play,,1575,1575 [Aug],,n/a,
72,72,621,,Moral,moral,,1577,1577 [1559-1577],,n/a,
73,73,615,,Comedy,comedy,,1577,1577 [1575-1578],,n/a,
74,74,616,,Comedy,comedy,,1577,1577 [1575-1578],,n/a,
75,75,637,,Royal Entry,entertainment,,1578,1578 [Aug 16],,n/a,
76,76,638,,Entertainment,entertainment,,1578,1578 [Aug 18],,n/a,
76.5,76.5,367,,Moral,moral,,1563,1563 [spring] [1559-1569],,n/a,
77,77,702,,Tilt,entertainment,,1581,1581 [Apr 16 and May 15-16],,n/a,
78,78,519,,Moral,moral,,1572,1572 [1570-1581],,n/a,
79,79,704,,Tragedy,tragedy,,1581,1581,,n/a,
80,80,442,,Tragedy,tragedy,,1567,1567 [Jan],,n/a,
81,81,426,,Tragedy,tragedy,,1566,1566 [summer],,n/a,
82,82,753,,Comedy,comedy,,1584,1584 [early],,Children of the Chapel (first) (Oxford's Boys),Children of the Chapel (first)
83,83,751,,Pastoral,pastoral,,1584,1584 [early] [1581-1584],,Children of the Chapel (first),Children of the Chapel (first)
84,84,746,,Comedy,comedy,,1583,1583,,Children of the Chapel (first) (Oxford's Boys),Children of the Chapel (first)
85,85,700,,Moral,moral,,1581,1581,,Leicester's Men(?),Leicester's Men
86,86,747,,Comedy,comedy,,1583,1583 [1579-1584],,Children of the Chapel (first),Children of the Chapel (first)
87,87,769,,Civic Pageant,civic pageant,,1585,1585 [Oct 29],,n/a,
88,88,583,,Entertainment,entertainment,,1575,1575 [Sep],,n/a,
89,89,797,,Tragedy,tragedy,,1588,1588 [Feb],,n/a,
90,90,578,,Entertainment,entertainment,,1575,1575 [Jul 9-27],,n/a,
91,91,791,,Comedy,comedy,,1587,1587 [Dec],,n/a,
92,92,734,,Romance,romance,,1582,1582,,Derby's (Strange's) Men,Derby's (Strange's) Men
93,93,821,,Moral,moral,,1588,1588 [1588-1590],,Queen Elizabeth's Men(?),Queen Elizabeth's Men
94,94,784,,Tragedy,tragedy,,1587,1587,,Admiral's (Nottingham's) Men,Admiral's (Nottingham's) Men
95,95,789,,Tragedy,tragedy,,1587,1587 [autumn],,Admiral's (Nottingham's) Men,Admiral's (Nottingham's) Men
96,96,861,,Civic Pageant,civic pageant,,1590,1590 [Oct 29],,n/a,
97,97,877,,Pastoral,pastoral,,1591,1591 [Feb],,n/a,
98,98,891,,Entertainment,entertainment,,1591,1591 [Sep 20-23],,n/a,
99,99,794,,Comedy,comedy,,1588,1588 [1585-1588],,Children of Paul's (first),Children of Paul's (first)
100,100,898,,Civic Pageant,civic pageant,,1591,1591 [Oct 29],,n/a,
101,101,824,,History,history,,1589,1589 [1587-1591],,Queen Elizabeth's Men,Queen Elizabeth's Men
102,102,824,,History,history,,1589,1589 [1587-1591],,Queen Elizabeth's Men,Queen Elizabeth's Men
103,103,887,,Entertainment,entertainment,,1591,1591 [Aug 14-20],,n/a,
104,104,467,,Tragedy,tragedy,,1568,"1568 [Apr] [1566, 1568-1569]",,n/a,
105,105,754,,Comedy,comedy,,1584,1584 [1584-1585],,Children of Paul's (first)(?),Children of Paul's (first)
106,106,835,,Comedy,comedy,,1589,1589 [1589-1590],,Children of Paul's (first),Children of Paul's (first)
107,107,846,,Tragedy,tragedy,,1590,1590 [1587-1592],,Unknown,Unknown
108,108,865,,Tragedy,tragedy,,1590,1590 [Nov],,n/a,
109,109,799,,Tragedy,tragedy,,1588,1588 [1588-1589],,Unknown,Unknown
110,110,783,,Tragedy,tragedy,,1587,1587 [1585-1591],,Unknown,Unknown
111a(1),111,933,,Entertainment,entertainment,,1592,1592 [Aug 11 (or 21)],,n/a,
111a(2),111.3,936,,Entertainment,entertainment,,1592,1592 [Sep],,n/a,
111a(3),111.7,939,,Entertainment,entertainment,,1592,1592 [Sep 28-Oct 2],,n/a,
112,112,881,,History,history,,1591,1591 [1590-1593],,Unknown,Unknown
113,113,852,,Comedy,comedy,,1590,1590 [1589-1591],,Derby's (Strange's) Men,Derby's (Strange's) Men
114,114,855,,History,history,,1590,1590 [1580-1593],,Unknown,Unknown
115,115,930,,Moral,moral,,1592,1592 [Jun],,Derby's (Strange's) Men,Derby's (Strange's) Men
116,116,954,,Tragedy,tragedy,,1594,1594,,n/a,
117,117,928,,Tragedy,tragedy,,1592,1592 [1584-1594],,Pembroke's Men(?),Pembroke's Men
118,118,829,,Biblical Moral,biblical play; moral,,1589,1589 [1589-1591],,Derby's (Strange's) Men(?),Derby's (Strange's) Men
119,119,888,,History,history,,1591,1591 [1587-1592],,Pembroke's Men(?),Pembroke's Men
120a-c,120,955,,Comedy,comedy,,1594,1594 [Apr] [1592-1594],,Unknown,Unknown
120d-f,120.5,916,,Comedy,comedy,,1592,1592 [1589-1592],,Pembroke's Men,Pembroke's Men
121,121,822,,Comedy,comedy,,1589,1589 [1588-1592],,Queen Elizabeth's Men,Queen Elizabeth's Men
122,122,802,,Tragedy,tragedy,,1588,1588 [1587-1588],,Admiral's (Nottingham's) Men,Admiral's (Nottingham's) Men
123,123,876,,Romance,romance,,1591,1591 [perhaps Feb] [1588-1592],,Queen Elizabeth's Men,Queen Elizabeth's Men
124,124,920,,Moral,moral,,1592,1592 [1589-1593],,Queen Elizabeth's Men(?),Queen Elizabeth's Men
125,125,826,,Comedy,comedy,,1589,1589 [1587-1590],,Children of Paul's (first),Children of Paul's (first)
126,126,839,,Tragedy; History,tragedy; history,,1589,1589 [1588-1591],,Queen Elizabeth's Men,Queen Elizabeth's Men
127,127,811,,Tragedy,tragedy,,1588,1588 [1588-1589],,Unknown,Unknown
128,128,820,,Tragedy,tragedy,,1588,1588 [1587-1590],,Children of the Chapel (first),Children of the Chapel (first)
129,129,927,,History,history,,1592,1592 [1591-1593],,Pembroke's Men,Pembroke's Men
130,130,904,,Tragedy,tragedy,,1591,1591 [1591-1594],,Queen Elizabeth's Men,Queen Elizabeth's Men
131,131,813,,Tragedy,tragedy,,1588,1588 [1587-1590],,Children of the Chapel (first),Children of the Chapel (first)
132,132,949,,Tragedy,tragedy,,1593,1593 [1590-1593],,n/a,
133,133,947,,Tragedy,tragedy,,1593,1593 [Jan] [1589-1593],,Derby's (Strange's) Men,Derby's (Strange's) Men
134,134,344,,Moral,moral,,1561,1561 [1560-1563],,n/a,
135,135,935,,Comedy,comedy,,1592,1592 [1585-1594],,n/a,
136,136,885,,Tragedy,tragedy,,1591,1591 [1590-1594],,Unknown,Unknown
137,137,913,,Romance,romance,,1592,1592 [1588-1595],,Queen Elizabeth's Men,Queen Elizabeth's Men
138,138,902,,History,history,,1591,1591 [1587-1592],,Pembroke's Men,Pembroke's Men
139,139,969,,Tragicomedy,tragicomedy,,1594,1594 [Oct],,Admiral's (Nottingham's) Men,Admiral's (Nottingham's) Men
140,140,952,,History,history,,1593,1593 [1590-1594],,Unknown,Unknown
141,141,1002,,Tragedy; History,tragedy; history,,1595,1595 [1595-1597],,Lord Chamberlain's (Hunsdon's) Men,Lord Chamberlain's (Hunsdon's) Men
142,142,950,,Tragedy; History,tragedy; history,,1593,1593 [autumn] [1591-1597],,Derby's (Strange's) Men(?),Derby's (Strange's) Men
143,143,987,,Tragedy,tragedy,,1595,1595 [1593-1596],,Lord Chamberlain's (Hunsdon's) Men,Lord Chamberlain's (Hunsdon's) Men
144,144,819,,Comedy,comedy,,1588,1588 [1587-1590],,Children of Paul's (second),Children of Paul's (second)
145,145,1059,,History,history,,1597,1597 [1596-1597],,Lord Chamberlain's (Hunsdon's) Men,Lord Chamberlain's (Hunsdon's) Men
146,146,1032,,Comedy,comedy,,1596,1596 [Feb],,Admiral's (Nottingham's) Men,Admiral's (Nottingham's) Men
147,147,1150,,Tragedy,tragedy,,1598,1598 [Oct],,n/a,
148,148,773,,History,history,,1586,1586 [1583-1587],,Queen Elizabeth's Men,Queen Elizabeth's Men
149,149,854,,Romance,romance,,1590,1590 [1588-1592],,Unknown,Unknown
150,150,1031,,Comedy,comedy,,1596,1596 [1594-1597],,Lord Chamberlain's (Hunsdon's) Men,Lord Chamberlain's (Hunsdon's) Men
151,151,884,,Romance,romance,,1591,1591 [1590-1598],,Unknown,Unknown
152,152,631,,Entertainment; Pastoral,entertainment; pastoral,,1578,1578 [May],,n/a,
153,153,1195,,History,history,,1599,1599 [Aug],,Derby's (Strange's) Men,Derby's (Strange's) Men
154,154,1196,,History,history,,1599,1599 [Aug],,Derby's (Strange's) Men,Derby's (Strange's) Men
155,155,1080,,Tragedy,tragedy,,1597,1597 [1595-1599],,Lord Chamberlain's (Hunsdon's) Men,Lord Chamberlain's (Hunsdon's) Men
156,156,788,,Romance,romance,,1587,1587 [1587-1589],,Queen Elizabeth's Men(?),Queen Elizabeth's Men
157,157,634,,Romance,romance,,1578,1578 [1570-1593],,Queen Elizabeth's Men(?),Queen Elizabeth's Men
158,158,893,,Romance,romance,,1591,1591 [Oct] [1587-1592],,Sussex's Men,Sussex's Men
159,159,1073,,Comedy,comedy,,1597,1597 [May],,Admiral's (Nottingham's) Men,Admiral's (Nottingham's) Men
160,160,870,,Biblical History,biblical play; history,,1590,1590 [1584-1594],,Queen Elizabeth's Men(?),Queen Elizabeth's Men
161,161,1151,,Comedy,comedy,,1598,1598 [1598-1599],,Admiral's (Nottingham's) Men,Admiral's (Nottingham's) Men
162,162,1217,,Romance,romance,,1599,1599 [Dec],,Admiral's (Nottingham's) Men,Admiral's (Nottingham's) Men
163,163,1216,,Comedy,comedy,,1599,1599 [late],,Lord Chamberlain's (Hunsdon's) Men,Lord Chamberlain's (Hunsdon's) Men
164,164,1231,,Pastoral Romance,pastoral; romance,,1600,1600,,Children of Paul's (second),Children of Paul's (second)
165,165,1183,,History,history,,1599,1599,,Lord Chamberlain's (Hunsdon's) Men,Lord Chamberlain's (Hunsdon's) Men
166,166,1211,,History,history,,1599,1599 [Nov],,Admiral's (Nottingham's) Men,Admiral's (Nottingham's) Men
167,167,1083,,History,history,,1597,1597 [1596-1600],,Lord Chamberlain's (Hunsdon's) Men,Lord Chamberlain's (Hunsdon's) Men
168,168,1148,,Comedy,comedy,,1598,1598,,Lord Chamberlain's (Hunsdon's) Men,Lord Chamberlain's (Hunsdon's) Men
169,169,1227,,Comedy,comedy,,1600,1600 [1599-1600],,Children of Paul's (second),Children of Paul's (second)
170,170,1012,,Comedy,comedy,,1595,1595 [1594-1598],,Lord Chamberlain's (Hunsdon's) Men,Lord Chamberlain's (Hunsdon's) Men
171,171,1208,,Comedy,comedy,,1599,1599 [1591-1600],,Oxford's Men,Oxford's Men
172,172,1047,,Comedy,comedy,,1596,1596 [1596-1598],,Lord Chamberlain's (Hunsdon's) Men,Lord Chamberlain's (Hunsdon's) Men
173,173,941,,Comedy,comedy,,1592,1592,,Unknown,Unknown
174,174,1184,,Comedy,comedy,,1599,1599 [1598-1600],,Admiral's (Nottingham's) Men,Admiral's (Nottingham's) Men
175,175,1188,,Comedy,comedy,,1599,1599 [summer],,Admiral's (Nottingham's) Men,Admiral's (Nottingham's) Men
176,176,1143,,Comedy,comedy,,1598,1598 [Sep],,Lord Chamberlain's (Hunsdon's) Men,Lord Chamberlain's (Hunsdon's) Men
177,177,1239,,Comedy,comedy,,1600,1600,,Children of Paul's (second),Children of Paul's (second)
178,178,841,,Pastoral Comedy,pastoral; comedy,,1590,1590 [1585-1590],,Children of Paul's (first),Children of Paul's (first)
179,179,1106,,Romance,romance,,1598,1598 [Mar],,Admiral's (Nottingham's) Men,Admiral's (Nottingham's) Men
180,180,1107,,Tragedy,tragedy,,1598,1598 [Mar],,Admiral's (Nottingham's) Men,Admiral's (Nottingham's) Men
181,181,1269,,Satire,satire,,1600,1600 [1600-1601],,Children of the Chapel (second),Children of the Chapel (second)
182,182,1015,,Tragedy,tragedy,,1595,1595 [1594-1598],,Unknown,Unknown
183,183,1298,,Pastoral,pastoral,,1601,1601 [1590-1601],,n/a,
184,184,1218,,Comedy,comedy,,1599,1599 [autumn] [1599-1601],,Children of Paul's (second),Children of Paul's (second)
185,185,1271,,Tragedy,tragedy,,1600,1600 [early winter] [1600-1601],,Children of Paul's (second),Children of Paul's (second)
186,186,1296,,Comedy,comedy,,1601,1601 [autumn],,Children of the Chapel (second),Children of the Chapel (second)
187,187,1079,,Comedy,comedy,,1597,1597 [1597-1602],,Lord Chamberlain's (Hunsdon's) Men,Lord Chamberlain's (Hunsdon's) Men
188,188,1311,,Romance,romance,,1601,1601 [winter] [1601-1602],,Children of Paul's (second),Children of Paul's (second)
189,189,1290,,History,history,,1601,1601 [1599-1602],,Lord Chamberlain's (Hunsdon's) Men,Lord Chamberlain's (Hunsdon's) Men
190,190,1276,,Moral,moral,,1601,1601 [Feb],,Children of the Chapel (second),Children of the Chapel (second)
191,191,1303,,Comedy,comedy,,1601,1601 [1595-1602],,Worcester's Men,Worcester's Men
192,192,1191,,History,history,,1599,1599 [summer] [1594-1600],,Lord Chamberlain's (Hunsdon's) Men,Lord Chamberlain's (Hunsdon's) Men
193,193,233,,Moral; Satire,moral; satire,,1552,1552 [Jun 7],,n/a,
194,194,233,,Moral; Satire,moral; satire,,1552,1552 [Jun 7],,n/a,
195,195,1304,,Comedy,comedy,,1601,1601 [autumn],,Children of Paul's (second); Lord Chamberlain's Men,Children of Paul's (second); Lord Chamberlain's Men
196,196,1404,,Tragedy,tragedy,,1603,1603 [1602-1603],,n/a,
197,197,1259,,Tragedy,tragedy,,1600,1600 [1600-1602],,Lord Chamberlain's (Hunsdon's) Men,Lord Chamberlain's (Hunsdon's) Men
198,198,1230,,Comedy,comedy,,1600,1600 [Feb],,Admiral's (Nottingham's) Men,Admiral's (Nottingham's) Men
199,199,766,,Comedy,comedy,,1585,1585 [1583-1592],,n/a,
200,200,1421,,Royal Entry,entertainment,,1604,1604 [Mar 15],,n/a,
201,201,1407,,Entertainment,entertainment,,1603,1603 [June 25 and 27],,n/a,
202,202,1403; 1421,,Civic Pageant; Royal Entry,civic pageant,,1603,1603 [planned for May],,n/a,
203,203,1391,,Tragicomedy,tragicomedy,,1603,1603 [1602-1604],,Children of the Chapel (second),Children of the Chapel (second)
204,204,1431,,Comedy,comedy,,1604,1604,,Prince Henry's Men,Prince Henry's Men
205,205,810,,Tragedy,tragedy,,1588,1588 [1587-1589],,Unknown,Unknown
206,206,1438,,Comedy,comedy,,1604,1604 [1604 or earlier],,n/a,
207,207,1416,,Masque,masque,,1604,1604 [Jan 8],,n/a,
208,208,1421,,Royal Entry,entertainment,,1604,1604 [Mar 15],,n/a,
209,209,1425,,Tragedy,tragedy,,1604,1604 [Apr],,n/a,
210,210,1220,,Romance,romance,,1599,1599 [1599-1600],,Derby's (Strange's) Men,Derby's (Strange's) Men
211,211,1417,,Tragicomedy,tragicomedy,,1604,1604 [1604-1605],,King's Men,King's Men
212,212,1441,,History,history,,1604,1604 [1604-1605],,Prince Henry's Men,Prince Henry's Men
213,213,838,,History,history,,1589,1589 [1586-1594],,Queen Elizabeth's Men(?),Queen Elizabeth's Men
214,214,1434,,Comedy,comedy,,1604,1604 [summer] [1603-1605],,Children of the Queen's Revels,Children of the Queen's Revels
215,215,1427,,History,history,,1604,1604 [1603-1605],,Queen Anne's Men,Queen Anne's Men
216,216,1412,,Tragedy,tragedy,,1603,1603,,King's Men,King's Men
217,217,1473,,Comedy,comedy,,1605,1605 [1604-1605],,Children of the Queen's Revels,Children of the Queen's Revels
218,218,1482,,Civic Pageant,civic pageant,,1605,1605 [Nov 1],,n/a,
219,219,1448,,Comedy,comedy,,1604,1604 [late],,Children of the Queen's Revels,Children of the Queen's Revels
220,220,1049,,History,history,,1596,1596 [Dec],,Admiral's (Nottingham's) Men,Admiral's (Nottingham's) Men
221,221,1270,,Tragedy,tragedy,,1600,1600 [1587-1605],,Unknown,Unknown
222,222,1443,,Comedy,comedy,,1604,1604 [1603-1605],,King's Men,King's Men
223,223,1440,,Tragedy,tragedy,,1604,1604 [1600-1604],,Children of the Queen's Revels,Children of the Queen's Revels
224,224,1433,,History,history,,1604,1604 [1603-1605],,Queen Anne's Men,Queen Anne's Men
225,225,1313,,Comedy,comedy,,1602,1602 [1601-1603],,n/a,
226,226,1377,,Comedy,comedy,,1602,1602 [1602-1605],,Unknown,Unknown
227,227,1478,,Pastoral,pastoral,,1605,1605 [Aug],,n/a,
228,228,1340,,Comedy,comedy,,1602,1602 [1601-1603],,Children of the Chapel (second),Children of the Chapel (second)
229,229,1460,,History; Satire,history; satire,,1605,1605 [1603-1606],,Queen Anne's Men,Queen Anne's Men
230,230,1455,,Comedy,comedy,,1605,1605 [1603-1606],,Children of the Queen's Revels,Children of the Queen's Revels
231,231,1485,,Tragedy,tragedy,,1605,1605 [1605-1606],,Children of the Queen's Revels,Children of the Queen's Revels
232,232,1457,,Tragedy,tragedy,,1605,1605 [1595-1606],,n/a,
233,233,1507,,Royal Entry,entertainment,,1606,1606 [Jul 31],,n/a,
234,234,1321,,Comedy,comedy,,1602,1602 [1601-1606],,Unknown,Unknown
235,235,1491,,Comedy,comedy,,1606,1606 [Feb],,Children of the Queen's Revels,Children of the Queen's Revels
236,236,1468,,Comedy,comedy,,1605,1605 [spring] [1605-1606],,Children of the Queen's Revels,Children of the Queen's Revels
237,237,1488; 1489,,Masque and Barriers,masque,,1606,1606 [Jan 6],,n/a,
238,238,1526,,Masque,masque,,1607,1607 [Jan 6],,n/a,
239,239,1524,,Allegorical Comedy,comedy; allegory,,1606,1606 [1602-1607],,n/a,
240,240,1465,,Tragedy,tragedy,,1605,1605 [1595-1607],,Unknown,Unknown
241,241,1500,,Allegorical History,history; allegory,,1606,1606 [1606-1607],,Prince Henry's Men,Prince Henry's Men
242,242,1326,,Comedy,comedy,,1602,1602 [1601-1607],,Unknown,Unknown
243,243,1420,,Comedy,comedy,,1604,1604 [Feb] [1603-1604],,Children of Paul's (second),Children of Paul's (second)
244,244,1444,,Comedy,comedy,,1604,1604 [1604-1607],,Children of Paul's (second),Children of Paul's (second)
245,245,1522,,Comedy,comedy,,1606,1606 [1604-1607],,Children of Paul's (second),Children of Paul's (second)
246,246,1428,,Tragedy,tragedy,,1604,1604,,Children of Paul's (second),Children of Paul's (second)
247,247,1527,,Comedy,comedy,,1607,1607,,Children of the King's Revels,Children of the King's Revels
248,248,1534,,Adventure Play,adventure play,,1607,1607 [early],,Queen Anne's Men,Queen Anne's Men
249,249,1521,,Tragedy,tragedy,,1606,1606 [1605-1607],,King's Men,King's Men
250,250,1483,,Comedy,comedy,,1605,1605,,Children of Paul's (second),Children of Paul's (second)
251,251,1509,,Comedy,comedy,,1606,1606 [1606-1607],,Children of Paul's (second),Children of Paul's (second)
252,252,1283,,Comedy,comedy,,1601,1601,,Children of Paul's (second)(?),Children of Paul's (second)
253,253,1520,,Tragedy,tragedy,,1606,1606 [1604-1607],,King's Men,King's Men
254,254,1523,,Tragedy,tragedy,,1606,1606 [1599-1607],,King's Men,King's Men
255,255,1495,,Comedy,comedy,,1606,1606 [spring],,Children of the Queen's Revels,Children of the Queen's Revels
256,256,1369a,,History,history,,1601,1601 [autumn],,Worcester's Men,Worcester's Men
257,257,1450,,Comedy,comedy,,1604,1604,,Children of Paul's (second),Children of Paul's (second)
258,258,1393,,Tragedy,tragedy,,1603,1603 [Feb-Mar],,Worcester's Men,Worcester's Men
259,259,1493,,Comedy,comedy,,1606,1606 [1605-1606],,King's Men,King's Men
260,260,1552,,Tragedy,tragedy,,1607,1607,,n/a,
261,261,1553,,Tragedy,tragedy,,1607,1607,,n/a,
262,262,1467,,Comedy,comedy,,1605,1605 [1604-1606],,Children of Paul's (second),Children of Paul's (second)
263,263,1529,,Comedy,comedy,,1607,1607 [1606-1607],,Children of the King's Revels,Children of the King's Revels
264,264,1392,,Comedy,comedy,,1603,1603 [1602-1604],,Lord Chamberlain's (Hunsdon's) Men,Lord Chamberlain's (Hunsdon's) Men
265,265,1486,,Tragedy,tragedy,,1605,1605 [1605-1606],,King's Men,King's Men
266,266,1528,,Comedy,comedy,,1607,1607 [1605-1608],,Children of the Queen's Revels,Children of the Queen's Revels
267,267,1436,,Comedy,comedy,,1604,1604 [1604-1605],,Children of the Queen's Revels,Children of the Queen's Revels
268,268,1559,,Comedy,comedy,,1607,1607 [1606-1608],,Children of the King's Revels,Children of the King's Revels
269,269,1453,,Masque,masque,,1605,1605 [Jan 6],,n/a,
270,270,1571,,Masque,masque,,1608,1608 [Jan 10],,n/a,
271,271,1584,,Masque,masque,,1608,1608 [Feb 9],,n/a,
272,272,1484a,,Tragedy,tragedy,,1605,1605 [1605-1608],,King's Men,King's Men
273,273,1558,,Tragedy,tragedy,,1607,1607 [1607-1608],,Queen Anne's Men,Queen Anne's Men
274,274,1575,,History,history,,1608,1608 [1607-1608],,Children of the Queen's Revels,Children of the Queen's Revels
275,275,1576,,Tragedy,tragedy,,1608,1608 [1607-1608],,Children of the Queen's Revels,Children of the Queen's Revels
276,276,1479,,Comedy,comedy,,1605,1605 [1605-1606],,Children of Paul's (second),Children of Paul's (second)
277,277,1563,,Tragicomedy,tragicomedy,,1607,1607 [1607-1608],,Children of the King's Revels,Children of the King's Revels
278,278,1041,,Tragedy,tragedy,,1596,1596 [1594-1600] [revised c. 1607-1610],,n/a,
279,279,1325,,Tragedy,tragedy,,1602,1602 [1601-1603],,Lord Chamberlain's (Hunsdon's) Men,Lord Chamberlain's (Hunsdon's) Men
280,280,1593,,Masque,masque,,1609,1609 [Feb 2],,n/a,
281,281,1072,,Comedy,comedy,,1597,1597 [revised c.1600],,Pembroke's Men,Pembroke's Men
282,282,1595,,Civic Pageant,civic pageant,,1609,1609 [Oct 30],,n/a,
283,283,1532,,Comedy,comedy,,1607,1607 [1606-1608],,Children of the King's Revels,Children of the King's Revels
284,284,1555,,Romance,romance,,1607,1607 [1606-1608],,King's Men,King's Men
285,285,1577,,Comedy,comedy,,1608,1608 [1607-1608],,Children of the King's Revels,Children of the King's Revels
286,286,1557,,Tragedy,tragedy,,1607,1607 [1607-1608],,Children of the King's Revels,Children of the King's Revels
287,287,1582,,Pastoral Tragicomedy,pastoral; tragicomedy,,1608,1608 [1607-1608],,Children of the Queen's Revels,Children of the Queen's Revels
288,288,1611,,Civic Pageant,civic pageant,,1610,1610 [Apr 23],,n/a,
289,289,1616,,Royal Entry,entertainment,,1610,1610 [May 31],,n/a,
290,290,1314,,Moral,moral,,1601,1601 [Christmas 1601-1602] [1600-1603],,n/a,
291,291,1618,,Masque,masque,,1610,1610 [Jun 5],,n/a,
292,292,1572,,Comedy,comedy,,1608,1608 [1607-1608],,Children of the King's Revels,Children of the King's Revels
293,293,1625,,Tragedy,tragedy,,1610,1610 [1610-1611],,Unknown,Unknown
294,294,1637,,Classical Myth,classical legend or myth,,1611,1611,,Queen Anne's Men,Queen Anne's Men
295,295,1654,,Civic Pageant,civic pageant,,1611,1611 [Oct 29],,n/a,
296,296,1646,,Tragedy,tragedy,,1611,1611,,King's Men,King's Men
297,297,1439,,Comedy,comedy,,1604,1604 [1601-1608],,Children of the Queen's Revels,Children of the Queen's Revels
298,298,1633,,Comedy,comedy,,1611,1611 [probably in spring],,Prince Henry's Men,Prince Henry's Men
299,299,1599,,Comedy,comedy,,1609,1609 [Dec] [1609-1610],,Children of the Queens Revels (Children of the Whitefriars)(?),Children of the Queen's Revels
300,300,1642,,Tragedy,tragedy,,1611,1611 [1610-1612],,Unknown,Unknown
301,301,1456,,Comedy,comedy,,1605,1605 [1603-1605],,Children of the Queen's Revels,Children of the Queen's Revels
302,302,1687,,Civic Pageant,civic pageant,,1612,1612 [Oct 29],,n/a,
303,303,1621,,Comedy,comedy,,1610,1610,,King's Men,King's Men
304,304,1603,,Comedy,comedy,,1610,1610 [Jan] [1609-1610],,Children of the Queen's Revels,Children of the Queen's Revels
305,305,1641,,Comedy,comedy,,1611,1611 [1611-1612],,Queen Anne's Men,Queen Anne's Men
306,306,1689,,Tragedy,tragedy,,1612,1612 [1611-1612],,Queen Anne's Men,Queen Anne's Men
307,307,1612,,Tragedy,tragedy,,1610,1610 [1609-1612],,Children of the Queen's Revels,Children of the Queen's Revels
308,308,1481,,Tragedy,tragedy,,1605,1605 [1602-1609],,n/a,
309,309,1700,,Masque,masque,,1613,1613 [Feb 20],,n/a,
310,310,1699,,Masque,masque,,1613,1613 [Feb 15],,n/a,
311,311,1727,,Civic Pageant,civic pageant,,1613,1613 [Oct 29],,n/a,
312,312,1725,,Entertainment,entertainment,,1613,1613 [Sep 29],,n/a,
313,313,1653,,Classical Myth,classical legend or myth,,1611,1611,,Queen Anne's Men,Queen Anne's Men
314,314,1710,,Tragedy,tragedy,,1613,1613,,n/a,
315,315,1605,,Tragedy,tragedy,,1610,1610 [1608-1613],,Children of the Queen's Revels(?); Children of the King's Revels(?),Children of the Queen's Revels; Children of the King's Revels
316,316,1562,,Comedy,comedy,,1607,1607,,Children of the Queen's Revels,Children of the Queen's Revels
317,317,1645,,Classical Myth,classical legend or myth,,1611,1611,,Queen Anne's Men,Queen Anne's Men
318,318,1708,,Entertainment; Masque,entertainment; masque,,1613,1613 [Apr 27-28],,n/a,
319,319,1698,,Masque,masque,,1613,1613 [Feb 14],,n/a,
320,320,1738,,Masque,masque,,1614,1614 [Jan 6],,n/a,
321,321,1701,,Comedy,comedy,,1613,1613 [Feb],,n/a,
322,322,1756,,Civic Pageant,civic pageant,,1614,1614 [Oct 29],,n/a,
323,323,1649,,Comedy,comedy,,1611,1611,,Queen Anne's Men,Queen Anne's Men
324,324,1731,,Masque,masque,,1613,1613 [Dec 26],,n/a,
325,325,1742,,Pastoral Tragicomedy,pastoral; tragicomedy,,1614,1614 [Feb],,n/a,
326,326,1759,,Academic Entertainment,entertainment,,1614,1614 [1613-1615],,n/a,
327,327,1630,,History,history,,1611,1611 [1610-1612],,Prince Henry's Men,Prince Henry's Men
328,328,1533,,Tragedy,tragedy,,1607,1607 [1606-1611],,Children of the Queen's Revels,Children of the Queen's Revels
329,329,1707,,Pseudo-History,history,,1613,1613 [1613-1615],,n/a,
330,330,1769,,Comedy,comedy,,1615,1615 [Mar],,n/a,
331,331,1760,,Academic Entertainment,entertainment,,1614,1614 [1614-1615],,n/a,
332,332,1786,,Civic Pageant,civic pageant,,1615,1615 [Oct 30],,n/a,
333,333,1351,,Romance,romance,,1602,1602 [autumn] [1601-1607],,Worcester's Men,Worcester's Men
334,334,1626,,Comedy,comedy,,1610,1610 [1609-1612],,Children of the Queen's Revels,Children of the Queen's Revels
335,335,1806,,Civic Pageant,civic pageant,,1616,1616 [Oct 29],,n/a,
336,336,1120,,Comedy,comedy,,1598,1598 [spring],,Admiral's (Nottingham's) Men,Admiral's (Nottingham's) Men
337,337,1754,,Comedy,comedy,,1614,1614 [1612-1615],,Queen Anne's Men,Queen Anne's Men
338,338,807,,Royal Entry,entertainment,,1616,1616 [Oct 31],,n/a,
339,339,1426,,Entertainment,entertainment,,1604,1604 [May 1],,n/a,
340,340,1505,,Entertainment,entertainment,,1606,1606 [Jul 24],,n/a,
341,341,1540,,Entertainment,entertainment,,1607,1607 [May 22],,n/a,
342,342,1602,,Tournament Entertainment,entertainment,,1610,1610 [Jan 6],,n/a,
343,343,1628,,Masque,masque,,1611,1611 [Jan 1],,n/a,
344,344,1632,,Masque,masque,,1611,1611 [Feb 3],,n/a,
345,345,1664,,Masque,masque,,1612,1612 [Jan 6],,n/a,
346,346,1732; 1735,,Tournament Challenge; Tilt Entertainment,entertainment,,1613,1613 [Dec 27; 1614 Jan 1],,n/a,
347,347,1733,,Masque,masque,,1613,1613 [Dec 29],,n/a,
348,348,1762,,Masque,masque,,1615,1615 [Jan 6],,n/a,
349,349,1790,,Masque,masque,,1616,1616 [Jan 1],,n/a,
350,350,1822,,Masque,masque,,1617,1617 [Feb 22],,n/a,
351,351,1847,,Civic Pageant,civic pageant,,1617,1617 [Oct 29],,n/a,
352,352,1798,,Tragicomedy,tragicomedy,,1616,1616 [1612-1617],,Prince Charles's Men (first),Prince Charles's Men (first)
353,353,1860,,Academic Comedy,comedy,,1618,1618 [Feb],,n/a,
354,354,1849,,Comedy,comedy,,1617,1617 [Nov],,n/a,
355,355,1873,,Civic Pageant,civic pageant,,1618,1618 [Oct 29],,n/a,
356,356,1615,,Comedy,comedy,,1610,1610 [1610-1611],,Children of the Queen's Revels,Children of the Queen's Revels
357,357,1650,,Tragedy,tragedy,,1611,1611 [1610-1611],,King's Men,King's Men
358,358,1881,,Masque,masque,,1619,1619 [Jan],,n/a,
359,359,1910,,Civic Pageant,civic pageant,,1619,1619 [Oct 29],,n/a,
360,360,1636,,Tragicomedy,tragicomedy,,1611,1611,,King's Men,King's Men
361,361,1891,,Satirical Dialogue,satire; dialogue,,1619,1619 [1613-1619],,n/a,
362,362,1855,,Comedy,comedy,,1618,1618 [1617-1619],,Queen Anne's Men,Queen Anne's Men
363,363,1597,,Tragicomedy,tragicomedy,,1609,1609 [1608-1610],,King's Men,King's Men
364,364,1896,,Comedy,comedy,,1619,1619,,Red Bull (Revels) Company (first),Red Bull (Revels) Company (first)
365,365,1931,,Masque,masque,,1620,1620,,Prince Charles's Men (first),Prince Charles's Men (first)
366,366,1963,,Civic Pageant,civic pageant,,1620,1620 [Oct 30],,n/a,
367,367,1995,,Civic Pageant,civic pageant,,1621,1621 [Oct 29],,n/a,
368,368,1848,,Tragedy,tragedy,,1617,1617 [1613-1621],,King's Men,King's Men
369,369,1937,,Civic Entertainment,entertainment,,1620,1620 [Apr 17 or 18],,n/a,
370,370,1953,,Civic Entertainment,entertainment,,1620,1620 [Sep(?)],,n/a,
371,371,1954,,Civic Entertainment,entertainment,,1620,1620 [Sep 18(?)],,n/a,
372,372,1955,,Civic Entertainment,entertainment,,1620,1620 [late Sep(?)],,n/a,
373,373,1962,,Civic Entertainment,entertainment,,1620,1620 [Oct 28],,n/a,
374,374,1964,,Civic Entertainment,entertainment,,1620,1620 [late Oct or early Nov],,n/a,
375,375,1967,,Civic Entertainment,entertainment,,1620,1620 [Christmas 1620-1621],,n/a,
376,376,1978,,Civic Entertainment,entertainment,,1621,1621 [Apr 5],,n/a,
377,377,1979,,Civic Entertainment,entertainment,,1621,1621 [Apr 16],,n/a,
378,378,1980,,Civic Entertainment,entertainment,,1621,1621 [Apr 21],,n/a,
379,379,1437,,Tragedy,tragedy,,1604,1604 [1601-1604],,King's Men,King's Men
380,380,1957,,Tragedy,tragedy,,1620,1620 [Oct],,Red Bull (Revels) Company (first),Red Bull (Revels) Company (first)
381,381,2004,,Masque,masque,,1622,1622 [Jan 6],,n/a,
382,382,1901,,Tragedy,tragedy,,1619,1619 [1619-1620],,Red Bull (Revels) Company (first),Red Bull (Revels) Company (first)
383,383,2026,,Civic Pageant,civic pageant,,1622,1622 [Oct 29],,n/a,
384,384,1943,,Comedy,comedy,,1620,1620,,Red Bull (Revels) Company (first),Red Bull (Revels) Company (first)
385,385,2034,,Masque,masque,,1623,1623 [Jan 19],,n/a,
386,386,1994,,Tragedy,tragedy,,1621,1621 [1621-1622],,King's Men,King's Men
387,387,2067,,Civic Pageant,civic pageant,,1623,1623 [Oct 29],,n/a,
388,388,1875,,Tragicomedy,tragicomedy,,1618,1618 [1617-1619],,Queen Anne's Men,Queen Anne's Men
389,389,1726,,Tragedy,tragedy,,1613,1613 [1612-1614],,King's Men,King's Men
390,390,1652,,Comedy,comedy,,1611,1611 [1610-1611],,King's Men,King's Men
391,391,970,,Comedy,comedy,,1594,1594 [1587-1598],,Lord Chamberlain's (Hunsdon's) Men(?),Lord Chamberlain's (Hunsdon's) Men
392,392,1413,,Tragicomedy,tragicomedy,,1603,1603 [1603-1604],,King's Men,King's Men
393,393,944,,Comedy,comedy,,1592,1592 [1589-1593],,Pembroke's Men(?),Pembroke's Men
394,394,1237,,Comedy,comedy,,1600,1600 [1598-1600],,Lord Chamberlain's (Hunsdon's) Men,Lord Chamberlain's (Hunsdon's) Men
395,395,1461,,Tragicomedy,tragicomedy,,1605,1605 [c.1601-1608],,King's Men,King's Men
396,396,1297,,Comedy,comedy,,1601,1601 [1600-1602],,Lord Chamberlain's (Hunsdon's) Men,Lord Chamberlain's (Hunsdon's) Men
397,397,1631,,Romance,romance,,1611,1611,,King's Men,King's Men
398,398,1043,,History,history,,1596,1596 [1594-1598],,Lord Chamberlain's (Hunsdon's) Men,Lord Chamberlain's (Hunsdon's) Men
399,399,919,,History,history,,1592,1592 [Mar],,Derby's (Strange's) Men,Derby's (Strange's) Men
400,400,1674,,History,history,,1612,1612 [1611-1613],,King's Men,King's Men
401,401,1589,,Tragedy,tragedy,,1608,1608 [1607-1609],,King's Men,King's Men
402,402,1536,,Tragedy,tragedy,,1607,1607 [1605-1608],,King's Men,King's Men
403,403,1198,,Tragedy,tragedy,,1599,1599 [Aug-Sep],,Lord Chamberlain's (Hunsdon's) Men,Lord Chamberlain's (Hunsdon's) Men
404,404,1496,,Tragedy,tragedy,,1606,1606 [1606-1611],,King's Men,King's Men
405,405,1517,,Tragedy,tragedy,,1606,1606 [1606-1607],,King's Men,King's Men
406,406,1623,,Romance,romance,,1610,1610 [1609-1611],,King's Men,King's Men
407,407,2080,,Masque,masque,,1624,1624 [Jan 6 (projected)],,n/a,
408,408,2074,,Tragicomedy,tragicomedy,,1623,1623 [Dec],,Lady Elizabeth's Men,Lady Elizabeth's Men
409,409,2143,,Civic Pageant,civic pageant,,1624,1624 [Oct 29],,n/a,
410,410,1917,,Tragedy,tragedy,,1619,1619 [1605-1623],,Unknown,Unknown
411,411,2156,,Masque,masque,,1625,1625 [Jan 9],,n/a,
412,412,2130,,Comedy,comedy,,1624,1624 [Aug],,King's Men,King's Men
413,413,2193,,Civic Pageant,civic pageant,,1626,1626 [Oct 30],,n/a,
414,414,2204,,Comedy,comedy,,1627,1627 [Feb],,n/a,
415,415,2206,,Comedy,comedy,,1627,1627 [Apr],,n/a,
416,416,2207,,Comedy,comedy,,1627,1627 [Apr],,n/a,
417,417,2223,,Pastoral,pastoral,,1627,1627 [Nov],,n/a,
418,418,2236,,Tragedy,tragedy,,1628,1628 [Feb] [1622-1628],,n/a,
419,419,2255,,Civic Pageant,civic pageant,,1628,1628 [Oct 29],,n/a,
420,420,2259,,Tragicomedy,tragicomedy,,1628,1628 [Nov],,King's Men,King's Men
421,421,2284,,Civic Pageant,civic pageant,,1629,1629 [Oct 29],,n/a,
422,422,2179,,Tragedy,tragedy,,1626,1626 [1626-1629],,Unknown,Unknown
423,423,2262,,Tragicomedy,tragicomedy,,1629,1629 [1625-1629],,King's Men,King's Men
424,424,2190,,Tragedy,tragedy,,1626,1626 [Oct],,King's Men,King's Men
425,425,2184,,Comedy,comedy,,1626,1626 [1626-1629],,Queen Henrietta Maria's Men,Queen Henrietta Maria's Men
426,426,2168,,Dialogue,dialogue,,1625,1625 [1624-1629],,n/a,
427,427,2202,,Tragedy,tragedy,,1627,1627 [Jan],,King's Men,King's Men
428,428,2282,,Tragicomedy,tragicomedy,,1629,1629 [Oct],,King's Men,King's Men
429,429,2287,,Comedy,comedy,,1629,1629 [Nov],,Queen Henrietta Maria's Men,Queen Henrietta Maria's Men
430,430,2090,,Tragicomedy,tragicomedy,,1624,1624 [Apr],,Lady Elizabeth's Men,Lady Elizabeth's Men
431,431,2194,,Academic Entertainment,entertainment,,1626,1626 [Nov(?)],,n/a,
432,432,2222,,Academic Entertainment,entertainment,,1627,1627 [Nov 1],,n/a,
433,433,1715,,Comedy,comedy,,1613,1613,,Lady Elizabeth's Men,Lady Elizabeth's Men
434,434,1825,,Allegory,allegory,,1617,1617 [1615-1630],,n/a,
435,435,1459,,Comedy,comedy,,1605,1605 [1604-1608],,Prince Henry's Men,Prince Henry's Men
436,436,2273,,Tragicomedy,tragicomedy,,1629,1629 [Jun],,King's Men,King's Men
437,437,2328,,Masque,masque,,1631,1631 [Jan 9],,n/a,
438,438,1384,,Tragedy,tragedy,,1603,1603 [early],,Admiral's (Nottingham's) Men,Admiral's (Nottingham's) Men
439,439,1149,,Literary Tragicomedy,tragicomedy,,1598,1598 [Oct] [1595-1611],,n/a,
440,440,1997,,Tragicomedy,tragicomedy,,1621,1621 [1621-1622],,Red Bull (Revels) Company (first),Red Bull (Revels) Company (first)
441,441,2158,,Comedy,comedy,,1625,1625 [Feb],,Lady Elizabeth's Men,Lady Elizabeth's Men
442,442,2263,,Comedy,comedy,,1629,1629 [Jan],,King's Men,King's Men
443,443,1771,,Pastoral,pastoral,,1615,1615 [Mar],,n/a,
444,444,1499,,Tragedy,tragedy,,1606,1606 [1599-1631],,n/a,
445,445,1607,,Romance,romance,,1610,1610 [1609-1611],,Queen Anne's Men,Queen Anne's Men
446,446,2320,,Romance,romance,,1630,1630 [1621-1631],,Queen Henrietta Maria's Men,Queen Henrietta Maria's Men
447,447,1823,,Tragedy,tragedy,,1617,1617 [1613-1618(?)],,n/a,
448,448,2348,,Civic Pageant,civic pageant,,1631,1631 [Oct 29],,n/a,
449,449,2335,,Pastoral,pastoral,,1631,1631 [May],,n/a,
450,450,2219,,Tragedy,tragedy,,1627,1627 [1627-1631],,n/a,
451,451,2079,,History,history,,1624,1624 [Jan],,Prince Palatine's (Palsgrave's) Men,Prince Palatine's (Palsgrave's) Men
452,452,2332,,Masque,masque,,1631,1631 [Feb 22],,n/a,
453,453,2353,,Masque,masque,,1632,1632 [Jan 8],,n/a,
454,454,2359,,Masque,masque,,1632,1632 [Feb 14],,n/a,
455,455,1757,,Comedy,comedy,,1614,1614 [Oct],,Lady Elizabeth's Men,Lady Elizabeth's Men
456,456,2174,,Comedy,comedy,,1626,1626 [Feb],,King's Men,King's Men
457,457,1810,,Comedy,comedy,,1616,1616,,King's Men,King's Men
458,458,1889,,Tragedy,tragedy,,1619,1619 [Feb],,n/a,
459,459,2333,,Tragicomedy,tragicomedy,,1631,1631 [Mar],,King's Men,King's Men
460,460,2084,,Comedy,comedy,,1624,1624 [1611-1626],,Unknown,Unknown
461,461,2351,,Comedy,comedy,,1631,1631 [Dec],,Prince Charles's Men (second),Prince Charles's Men (second)
462,462,2355,,Comedy,comedy,,1632,1632 [Jan 10],,King's Revels Company(?); Prince Charles's Men (second)(?),King's Revels Company; Prince Charles's Men (second)
463,463,2277,,Comedy,comedy,,1629,1629 [Jul],,King's Men,King's Men
464,464,1883,,Tragedy,tragedy,,1619,1619 [1616-1620],,King's Men,King's Men
465,465,2364,,Comedy,comedy,,1632,1632 [Mar],,n/a,
466,466,2387,,Civic Pageant,civic pageant,,1632,1632 [Oct 29],,n/a,
467,467,1704,,Classical Legend,classical legend or myth,,1613,1613 [1612-1632],,Unknown,Unknown
468,468,1709,,Classical Legend,classical legend or myth,,1613,1613 [1612-1632],,Unknown,Unknown
469,469,2365,,Comedy,comedy,,1632,1632 [Mar],,n/a,
470,470,2291,,Tragicomedy,tragicomedy,,1630,1630 [early],,Queen Henrietta Maria's Men,Queen Henrietta Maria's Men
471,471,1895,,Tragedy,tragedy,,1619,1619 [1619-1620(?)],,Prince Charles's Men (first),Prince Charles's Men (first)
472,472,1939,,Tragicomedy,tragicomedy,,1620,1620 [1619-1623],,Red Bull (Revels) Company (first),Red Bull (Revels) Company (first)
473,473,2274,,Moral,moral,,1629,1629 [1628-1632],,n/a,
474,474,2180,,Comedy,comedy,,1626,1626 [1626-1632],,Queen Henrietta Maria's Men,Queen Henrietta Maria's Men
475,475,828,,Tragedy,tragedy,,1589,1589 [1589-1590],,Unknown,Unknown
476,476,2027,,Comedy,comedy,,1622,1622 [1621-1623],,Red Bull (Revels) Company (first)(?),Red Bull (Revels) Company (first)
477,477,2251,,Comedy,comedy,,1628,1628 [Oct],,Queen Henrietta Maria's Men,Queen Henrietta Maria's Men
478,478,2360,,Tragedy,tragedy,,1632,1632 [1626-1633],,Queen Henrietta Maria's Men,Queen Henrietta Maria's Men
479,479,2396,,Comedy,comedy,,1633,1633 [Jan],,Queen Henrietta Maria's Men,Queen Henrietta Maria's Men
480,480,2281,,Tragedy,tragedy,,1629,1629 [1625-1633],,King's Men,King's Men
481,481,2378,,Comedy,comedy,,1632,1632 [1632-1633],,Prince Charles's Men (second),Prince Charles's Men (second)
482,482,1890,,History,history,,1619,1619 [1607-1624],,n/a,
483,483,2416,,Civic Pageant,civic pageant,,1633,1633 [Oct 29],,n/a,
484,484,2098,,Tragicomedy,tragicomedy,,1624,1624 [1623-1624],,Lady Elizabeth's Men,Lady Elizabeth's Men
485,485,1929,,Tragedy,tragedy,,1620,1620 [1609-1623],,n/a,
486,486,2329,,Tragedy,tragedy,,1631,1631 [1621-1631],,Queen Henrietta Maria's Men,Queen Henrietta Maria's Men
487,487,2408,,Royal Entry,entertainment,,1633,1633 [Jun 15],,n/a,
488,488,2423,,Masque,masque,,1634,1634 [Feb 3],,n/a,
489,489,1225,,Tragedy,tragedy,,1600,1600 [1598-1600],,n/a,
490,490,2028,,Tragedy,tragedy,,1622,1622 [1621-1631],,Unknown,Unknown
491,491,2399,,History,history,,1633,1633 [1625-1634],,Queen Henrietta Maria's Men,Queen Henrietta Maria's Men
492,492,1724,,Tragicomedy,tragicomedy,,1613,1613 [autumn] [1613-1614],,King's Men,King's Men
493,493,2289,,Comedy,comedy,,1629,1629 [1625-1634],,Queen Henrietta Maria's Men,Queen Henrietta Maria's Men
494,494,2441,,Comedy,comedy,,1634,1634 [Aug],,King's Men,King's Men
495,495,2448,,Civic Pageant,civic pageant,,1634,1634 [Oct 29],,n/a,
496,496,2428,,Masque,masque,,1634,1634 [Feb 18],,n/a,
497,497,2469,,Masque,masque,,1635,1635 [Feb],,n/a,
498,498,2337,,Tragedy,tragedy,,1631,1631 [May],,Queen Henrietta Maria's Men,Queen Henrietta Maria's Men
499,499,2402,,Pastoral,pastoral,,1633,1633 [1629-1635],,Queen Henrietta Maria's Men,Queen Henrietta Maria's Men
500,500,2517,,Civic Pageant,civic pageant,,1635,1635 [Oct 29],,n/a,
501,501,2488,,Tragicomedy,tragicomedy,,1635,1635,,n/a,
502,502,2532,,Masque,masque,,1636,1636 [Feb 24],,n/a,
503,503,2533,,Entertainment,entertainment,,1636,1636 [Feb 27],,n/a,
504,504,2451,,Classical Legend; Allegory,classical legend or myth; allegory,,1634,1634 [Nov],,Queen Henrietta Maria's Men,Queen Henrietta Maria's Men
505,505,2214,,Comedy,comedy,,1627,1627 [Jul],,Queen Henrietta Maria's Men,Queen Henrietta Maria's Men
506,506,2519,,Tragicomedy,tragicomedy,,1635,1635 [Nov],,King's Men,King's Men
507,507,2421,,Comedy,comedy,,1634,1634 [Jan],,King's Men,King's Men
508,508,2017,,Comedy,comedy,,1622,1622 [1619-1631],,Prince Charles's Men (first)(?),Prince Charles's Men (first)
509,509,2434,,Tragicomedy,tragicomedy,,1634,1634 [1634-1636],,King's Men,King's Men
510,510,2260,,Tragedy,tragedy,,1628,1628 [c.1628-1636],,n/a,
511,511,2549,,Royal Entertainment,entertainment,,1636,1636 [Aug 23],,n/a,
512,512,2555,,Masque,masque,,1636,1636 [Sep 12],,n/a,
513,513,2480,,Tragedy,tragedy,,1635,1635,,Queen Henrietta Maria's Men,Queen Henrietta Maria's Men
514,514,2543,,Masque,masque,,1636,1636 [spring] [1629-1637],,King's Revels Company(?),King's Revels Company
515,515,1866,,Comedy,comedy,,1618,1618 [1615-1625],,King's Men,King's Men
516,516,1504,,Romance,romance,,1606,1606 [1605-1618],,Unknown,Unknown
517,517,2367,,Comedy,comedy,,1632,1632 [Apr],,Queen Henrietta Maria's Men,Queen Henrietta Maria's Men
518,518,2515,,Comedy,comedy,,1635,1635 [Oct],,Queen Henrietta Maria's Men,Queen Henrietta Maria's Men
519,519,2410,,Tragicomedy,tragicomedy,,1633,1633 [Jul],,Queen Henrietta Maria's Men,Queen Henrietta Maria's Men
520,520,2189,,History,history,,1626,1626 [1607-1637],,Unknown,Unknown
521,521,2437,,Comedy,comedy,,1634,1634 [Jun],,Queen Henrietta Maria's Men,Queen Henrietta Maria's Men
522,522,[not in BritDrama],,n/a,,,,n/a,,n/a,
523,523,2418,,Comedy,comedy,,1633,1633 [Nov],,Queen Henrietta Maria's Men,Queen Henrietta Maria's Men
524,524,2445,,Pastoral Masque,pastoral; masque,,1634,1634 [Sep 29],,n/a,
525,525,[not in BritDrama],,n/a,,,,n/a,,n/a,
526,526,[not in BritDrama],,n/a,,,,n/a,,n/a,
527,527,[not in BritDrama],,n/a,,,,n/a,,n/a,
528,528,2508,,Classical Myth,classical legend or myth,,1635,1635 [1630-1637],,n/a,
529,529,2509,,Classical Myth,classical legend or myth,,1635,1635 [1630-1637],,n/a,
530,530,2510,,Pastoral,pastoral,,1635,1635 [1630-1637],,n/a,
531,531,1868,,Romance,romance,,1618,1618 [1617-1619],,Prince Charles's Men (first),Prince Charles's Men (first)
532,532,2528,,Comedy,comedy,,1636,1636 [1635-1636],,Queen Henrietta Maria's Men,Queen Henrietta Maria's Men
533,533,2030,,Tragedy,tragedy,,1622,1622 [1622-1623],,Lady Elizabeth's Men,Lady Elizabeth's Men
534,534,[not in BritDrama],,n/a,,,,n/a,,n/a,
535,535,2037,,Comedy,comedy,,1623,1623 [1613-1638],,Unknown,Unknown
536,536,2526,,Tragicomedy,tragicomedy,,1636,1636 [Jan],,Queen Henrietta Maria's Men,Queen Henrietta Maria's Men
537,537,2459,,Tragedy,tragedy,,1635,1635 [Jan],,King's Men,King's Men
538,538,[not in BritDrama],,n/a,,,,n/a,,n/a,
539,539,2452,,Pastoral,pastoral,,1634,1634 [1630-1636],,n/a,
540,540,2405,,Comedy,comedy,,1633,1633 [May] [1633-1634],,Prince Charles's Men (second),Prince Charles's Men (second)
541,541,[not in BritDrama],,n/a,,,,n/a,,n/a,
542,542,2424,,Comedy,comedy,,1634,1634 [Feb] [1633-1634],,Queen Henrietta Maria's Men,Queen Henrietta Maria's Men
543,543,[not in BritDrama],,n/a,,,,n/a,,n/a,
544,544,[not in BritDrama],,n/a,,,,n/a,,n/a,
545,545,2432,,Romance,romance,,1634,1634 [spring] [1625-1634],,Red Bull Company (second),Red Bull Company (second)
546,546,[not in BritDrama],,n/a,,,,n/a,,n/a,
547,547,2313,,Moral,moral,,1630,1630 [summer] [perhaps revised after 1632],,King's Revels Company,King's Revels Company
548,548,2321,,Pastoral,pastoral,,1630,1630 [Nov],,King's Revels Company,King's Revels Company
549,549,2389,,Comedy,comedy,,1632,1632 [Nov],,Queen Henrietta Maria's Men,Queen Henrietta Maria's Men
550,550,1676,,Tragedy,tragedy,,1612,1612 [1611-1634] [revised 1635],,Unknown,Unknown
551,551,2530,,Romance,romance,,1636,1636 [1635-1636],,King's Men,King's Men
552,552,2531,,Romance,romance,,1636,1636 [1635-1636],,King's Men,King's Men
553,553,2188,,Tragedy,tragedy,,1626,1626,,Unknown,Unknown
554,554,2249,,Tragedy,tragedy,,1628,1628,,Unknown,Unknown
555,555,[not in BritDrama],,n/a,,,,n/a,,n/a,
556,556,1922,,Comedy,comedy,,1620,1620 [1610-1631],,n/a,
557,557,[not in BritDrama],,n/a,,,,n/a,,n/a,
558,558,1788,,Comedy,comedy,,1615,1615 [1613-1619],,Unknown,Unknown
559,559,2185,,Tragedy,tragedy,,1626,1626 [summer] [1623-1639],,King's Men,King's Men
560,560,[not in BritDrama],,n/a,,,,n/a,,n/a,
561,561,2198,,Comedy,comedy,,1626,1626 [1624-1634],,Queen Henrietta Maria's Men (?); Lady Elizabeth's Men(?),Queen Henrietta Maria's Men; Lady Elizabeth's Men
562,562,2173,,Tragedy,tragedy,,1626,1626 [Feb],,Queen Henrietta Maria's Men,Queen Henrietta Maria's Men
563,563,1758,,Comedy,comedy,,1614,1614 [1614-1615],,Lady Elizabeth's Men,Lady Elizabeth's Men
564,564,[not in BritDrama],,n/a,,,,n/a,,n/a,
565,565,1841,,Tragedy,tragedy,,1617,1617 [1617-1620],,King's Men,King's Men
566,566,[not in BritDrama],,n/a,,,,n/a,,n/a,
567,567,1624,,Tragedy,tragedy,,1610,1610 [1605-1613(?)],,Unknown,Unknown
568,568,2553,,Comedy,comedy,,1636,1636 [Sep],,n/a,
569,569,[not in BritDrama],,n/a,,,,n/a,,n/a,
570,570,2552,,Tragicomedy,tragicomedy,,1636,1636 [Aug],,n/a,
571,571,[not in BritDrama],,n/a,,,,n/a,,n/a,
572,572,2464,,Tragicomedy,tragicomedy,,1635,1635 [Feb],,Queen Henrietta Maria's Men,Queen Henrietta Maria's Men
573,573,2349,,Tragedy,tragedy,,1631,1631 [Nov],,Queen Henrietta Maria's Men,Queen Henrietta Maria's Men
574,574,1772,,Comedy,comedy,,1615,1615 [1613-1616] [revised 1633],,Lady Elizabeth's Men,Lady Elizabeth's Men
575,575,2455,,Comedy,comedy,,1634,1634 [Nov],,Queen Henrietta Maria's Men,Queen Henrietta Maria's Men
576,576,[not in BritDrama],,n/a,,,,n/a,,n/a,
577,577,2339,,Comedy,comedy,,1631,1631 [May],,Queen Henrietta Maria's Men,Queen Henrietta Maria's Men
578,578,2472,,Tragedy,tragedy,,1635,1635 [1634-1636],,King's Revels Company,King's Revels Company
579,579,[not in BritDrama],,n/a,,,,n/a,,n/a,
580,580,2199,,Comedy,comedy,,1626,1626 [1625-1639],,Unknown,Unknown
581,581,[not in BritDrama],,n/a,,,,n/a,,n/a,
582,582,2413,,Tragedy,tragedy,,1633,1633 [1629-1636],,King's Revels Company,King's Revels Company
583,583,2481,,Pastoral Romance,pastoral; romance,,1635,1635 [summer] [1630-1636],,Queen Henrietta Maria's Men,Queen Henrietta Maria's Men
584,584,2512,,Romance,romance,,1635,1635 [1606-1640],,n/a,
585,585,1987,,Masque,masque,,1621,1621 [Aug 3],,n/a,
586,586,[not in BritDrama],,n/a,,,,n/a,,n/a,
587,587,2479,,Comedy,comedy,,1635,1635 [spring or early summer],,King's Revels Company,King's Revels Company
588,588,[not in BritDrama],,n/a,,,,n/a,,n/a,
589,589,[not in BritDrama],,n/a,,,,n/a,,n/a,
590,590,[not in BritDrama],,n/a,,,,n/a,,n/a,
591,591,[not in BritDrama],,n/a,,,,n/a,,n/a,
592,592,[not in BritDrama],,n/a,,,,n/a,,n/a,
593,593,[not in BritDrama],,n/a,,,,n/a,,n/a,
594,594,2536,,Comedy,comedy,,1636,1636 [Mar],,Queen Henrietta Maria's Men,Queen Henrietta Maria's Men
595,595,[not in BritDrama],,n/a,,,,n/a,,n/a,
596,596,[not in BritDrama],,n/a,,,,n/a,,n/a,
597,597,[not in BritDrama],,n/a,,,,n/a,,n/a,
598,598,2141,,Comedy,comedy,,1624,1624 [Oct],,King's Men,King's Men
599,599,[not in BritDrama],,n/a,,,,n/a,,n/a,
600,600,2374,,Pastoral,pastoral,,1632,1632,,n/a,
601,601,2458,,Comedy,comedy,,1635,1635 [1634-1636],,Queen Henrietta Maria's Men,Queen Henrietta Maria's Men
602,602,2187,,Dialogues,dialogue,,1626,1626 [1625-1634],,n/a,
603,603,[not in BritDrama],,n/a,,,,n/a,,n/a,
604,604,[not in BritDrama],,n/a,,,,n/a,,n/a,
605,605,[not in BritDrama],,n/a,,,,n/a,,n/a,
606,606,1813,,Masque,masque,,1616,1616 [Christmas 1616-1617],,n/a,
607,607,1814,,Masque,masque,,1617,1617 [Jan 6],,n/a,
608,608,1854,,Masque,masque,,1618,1618 [Jan 6],,n/a,
609,609,1865,,Masque,masque,,1618,1618 [Feb 17],,n/a,
610,610,1921,,Masque,masque,,1620,1620 [Jan 6],,n/a,
611,611,1971,,Pastoral Masque,pastoral; masque,,1621,1621 [Jan 6],,n/a,
612,612,2132,,Entertainment,entertainment,,1624,1624 [Aug 19],,n/a,
613,613,2404,,Entertainment,entertainment,,1633,1633 [May 21],,n/a,
614,614,2439,,Entertainment,entertainment,,1634,1634 [Jul 30],,n/a,
615,615,[not in BritDrama],,n/a,,,,n/a,,n/a,
616,616,2385,,Comedy,comedy,,1632,1632 [Oct],,King's Men,King's Men
617,617,2403,,Comedy,comedy,,1633,1633 [May],,Queen Henrietta Maria's Men,Queen Henrietta Maria's Men
618,618,[not in BritDrama],,n/a,,,,n/a,,n/a,
619,619,2487,,Tragicomedy,tragicomedy,,1635,1635 [1632-1635],,Queen Henrietta Maria's Men,Queen Henrietta Maria's Men
620,620,2529,,Tragicomedy,tragicomedy,,1636,1636 [1636-1639],,Queen Henrietta Maria's Men(?); Beeston's Boys(?),Queen Henrietta Maria's Men; Beeston's Boys
621,621,[not in BritDrama],,n/a,,,,n/a,,n/a,
622,622,[not in BritDrama],,n/a,,,,n/a,,n/a,
623,623,[not in BritDrama],,n/a,,,,n/a,,n/a,
624,624,[not in BritDrama],,n/a,,,,n/a,,n/a,
625,625,2433,,Entertainment,entertainment,,1634,"1634 [May] [1630, 1632-1634]",,n/a,
626,626,[not in BritDrama],,n/a,,,,n/a,,n/a,
627,627,2435,,Entertainment,entertainment,,1634,1634 [1624-1646],,n/a,
628,628,[not in BritDrama],,n/a,,,,n/a,,n/a,
629,629,[not in BritDrama],,n/a,,,,n/a,,n/a,
630,630,[not in BritDrama],,n/a,,,,n/a,,n/a,
631,631,[not in BritDrama],,n/a,,,,n/a,,n/a,
632,632,2381,,Comedy,comedy,,1632,1632 [1629-1633],,Prince Charles's Men (second),Prince Charles's Men (second)
633,633,[not in BritDrama],,n/a,,,,n/a,,n/a,
634,634,[not in BritDrama],,n/a,,,,n/a,,n/a,
635,635,[not in BritDrama],,n/a,,,,n/a,,n/a,
635.5,635.5,[not in BritDrama],,n/a,,,,n/a,,n/a,
636,636,[not in BritDrama],,n/a,,,,n/a,,n/a,
637,637,1809,,Tragicomedy,tragicomedy,,1616,1616,,King's Men,King's Men
638,638,2025,,Comedy,comedy,,1622,1622 [Oct],,King's Men,King's Men
639,639,1941,,Comedy,comedy,,1620,1620 [1619-1623],,King's Men,King's Men
640,640,1911,,Comedy,comedy,,1619,1619 [1619-1623],,King's Men,King's Men
641,641,2172,,Comedy,comedy,,1626,1626 [Feb],,King's Men,King's Men
642,642,1665,,Comedy,comedy,,1612,1612 [1609-1612],,King's Men,King's Men
643,643,1799,,Comedy,comedy,,1616,1616 [1613-1622],,King's Men,King's Men
644,644,1598,,Comedy,comedy,,1609,1609 [1608-1612],,Children of the Queens Revels (Children of the Whitefriars)(?),Children of the Queen's Revels
645,645,1948,,Tragedy,tragedy,,1620,1620 [1619-1623],,King's Men,King's Men
646,646,1819,,Comedy,comedy,,1617,1617 [1616-1625],,King's Men,King's Men
647,647,1874,,Tragicomedy,tragicomedy,,1618,1618 [Nov],,King's Men,King's Men
648,648,1932,,Tragicomedy,tragicomedy,,1620,1620 [1619-1623],,King's Men,King's Men
649,649,2077,,Tragicomedy,tragicomedy,,1623,1623 [Dec] [revised May 1634],,King's Men,King's Men
650,650,1975,,Tragicomedy,tragicomedy,,1621,1621 [1619-1621],,King's Men,King's Men
651,651,1898,,Tragicomedy,tragicomedy,,1619,1619 [1619-1623],,King's Men,King's Men
652,652,2023,,Tragicomedy,tragicomedy,,1622,1622 [autumn] [1622-1627],,Prince Charles's Men (first)(?),Prince Charles's Men (first)
653,653,2056,,Comedy,comedy,,1623,1623 [Aug],,King's Men,King's Men
654,654,2013,,Tragedy,tragedy,,1622,1622 [May],,King's Men,King's Men
655,655,1751,,Tragedy,tragedy,,1614,1614 [1613-1614],,King's Men,King's Men
656,656,2020,,Tragicomedy,tragicomedy,,1622,1622 [Jun],,King's Men,King's Men
657,657,2007,,Tragedy,tragedy,,1622,1622 [1620-1623],,King's Men,King's Men
658,658,1998,,Comedy,comedy,,1621,1621 [1619-1621],,King's Men,King's Men
659,659,1870,,Tragicomedy,tragicomedy,,1618,1618 [1616-1619],,King's Men,King's Men
660,660,1609,,Comedy,comedy,,1610,1610 [1607-1611],,Unknown,Unknown
661,661,1779,,Comedy,comedy,,1615,1615 [1611-1617],,King's Men,King's Men
662,662,1719,,Tragicomedy,tragicomedy,,1613,1613 [summer],,Lady Elizabeth's Men,Lady Elizabeth's Men
663,663,1829,,Tragicomedy,tragicomedy,,1617,1617 [1616-1619],,King's Men,King's Men
664,664,1965,,Tragicomedy,tragicomedy,,1620,1620 [1619-1623],,King's Men,King's Men
665,665,2096,,Tragicomedy,tragicomedy,,1624,1624 [May],,King's Men,King's Men
666,666,1729,,Comedy,comedy,,1613,1613 [1609-1620],,Prince Charles's Men (first)(?),Prince Charles's Men (first)
667,667,1739,,Tragedy,tragedy,,1614,1614 [1610-1614],,King's Men,King's Men
668,668,2169,,Tragicomedy,tragicomedy,,1626,1626 [Jan],,King's Men,King's Men
669,669,1794,,Comedy,comedy,,1616,1616 [1613-1625] [revised 1635],,Unknown,Unknown
670,670,1706,,"Anthology, including Romance, Tragicomedy, Tragedy, and Moral",romance; tragicomedy; tragedy; moral,,1613,1613 [spring] [1613-1619],,Children of the Queen's Revels(?); Lady Elizabeth's Men(?),Children of the Queen's Revels; Lady Elizabeth's Men
671,671,[not in BritDrama],,n/a,,,,n/a,,n/a,
672,672,[not in BritDrama],,n/a,,,,n/a,,n/a,
673,673,[not in BritDrama],,n/a,,,,n/a,,n/a,
673.5,673.5,[not in BritDrama],,n/a,,,,n/a,,n/a,
674,674,[not in BritDrama],,n/a,,,,n/a,,n/a,
674.5,674.5,[not in BritDrama],,n/a,,,,n/a,,n/a,
675,675,[not in BritDrama],,n/a,,,,n/a,,n/a,
676,676,[not in BritDrama],,n/a,,,,n/a,,n/a,
677,677,[not in BritDrama],,n/a,,,,n/a,,n/a,
678,678,[not in BritDrama],,n/a,,,,n/a,,n/a,
678.5,678.5,[not in BritDrama],,n/a,,,,n/a,,n/a,
679,679,[not in BritDrama],,n/a,,,,n/a,,n/a,
680,680,[not in BritDrama],,n/a,,,,n/a,,n/a,
681,681,[not in BritDrama],,n/a,,,,n/a,,n/a,
682,682,[not in BritDrama],,n/a,,,,n/a,,n/a,
683,683,[not in BritDrama],,n/a,,,,n/a,,n/a,
684,684,2453,,Tragicomedy,tragicomedy,,1634,1634 [Nov],,King's Men,King's Men
685,685,2556,,Tragicomedy,tragicomedy,,1636,1636 [1633-1642],,n/a,
686,686,[not in BritDrama],,n/a,,,,n/a,,n/a,
687,687,[not in BritDrama],,n/a,,,,n/a,,n/a,
688,688,[not in BritDrama],,n/a,,,,n/a,,n/a,
689,689,[not in BritDrama],,n/a,,,,n/a,,n/a,
690,690,[not in BritDrama],,n/a,,,,n/a,,n/a,
691,691,[not in BritDrama],,n/a,,,,n/a,,n/a,
692,692,[not in BritDrama],,n/a,,,,n/a,,n/a,
693,693,[not in BritDrama],,n/a,,,,n/a,,n/a,
694,694,[not in BritDrama],,n/a,,,,n/a,,n/a,
695,695,[not in BritDrama],,n/a,,,,n/a,,n/a,
696,696,[not in BritDrama],,n/a,,,,n/a,,n/a,
697,697,[not in BritDrama],,n/a,,,,n/a,,n/a,
698,698,[not in BritDrama],,n/a,,,,n/a,,n/a,
699,699,2230,,Comedy,comedy,,1627,1627 [1627-1628] [revised 1648-1651],,n/a,
700,700,[not in BritDrama],,n/a,,,,n/a,,n/a,
701,701,[not in BritDrama],,n/a,,,,n/a,,n/a,
702,702,2468,,Comedy,comedy,,1635,1635 [1634-1635],,Unknown,Unknown
703,703,[not in BritDrama],,n/a,,,,n/a,,n/a,
704,704,[not in BritDrama],,n/a,,,,n/a,,n/a,
705,705,1787,,Comedy,comedy,,1615,1615 [late] [1615-1617],,King's Men,King's Men
706,706,1990,,Comedy,comedy,,1621,1621 [1620-1621],,King's Men,King's Men
707,707,[not in BritDrama],,n/a,,,,n/a,,n/a,
708,708,[not in BritDrama],,n/a,,,,n/a,,n/a,
709,709,[not in BritDrama],,n/a,,,,n/a,,n/a,
710,710,[not in BritDrama],,n/a,,,,n/a,,n/a,
711,711,[not in BritDrama],,n/a,,,,n/a,,n/a,
712,712,2010,,Tragedy,tragedy,,1622,1622 [May],,Lady Elizabeth's Men,Lady Elizabeth's Men
713,713,[not in BritDrama],,n/a,,,,n/a,,n/a,
714,714,2412,,Tragedy,tragedy,,1633,1633 [1629-1638],,Queen Henrietta Maria's Men,Queen Henrietta Maria's Men
715,715,[not in BritDrama],,n/a,,,,n/a,,n/a,
716,716,2224,,Tragicomedy,tragicomedy,,1627,1627 [1626-1630],,King's Men,King's Men
717,717,2049,,Tragicomedy,tragicomedy,,1623,1623 [Jul],,Lady Elizabeth's Men,Lady Elizabeth's Men
718,718,[not in BritDrama],,n/a,,,,n/a,,n/a,
719,719,2383,,Comedy,comedy,,1632,1632 [autumn],,King's Men,King's Men
720,720,[not in BritDrama],,n/a,,,,n/a,,n/a,
721,721,2419,,Comedy,comedy,,1633,1633 [1630-1637],,King's Revels Company(?),King's Revels Company
722,722,[not in BritDrama],,n/a,,,,n/a,,n/a,
723,723,[not in BritDrama],,n/a,,,,n/a,,n/a,
724,724,[not in BritDrama],,n/a,,,,n/a,,n/a,
725,725,[not in BritDrama],,n/a,,,,n/a,,n/a,
726,726,[not in BritDrama],,n/a,,,,n/a,,n/a,
727,727,[not in BritDrama],,n/a,,,,n/a,,n/a,
728,728,[not in BritDrama],,n/a,,,,n/a,,n/a,
729,729,2290,,Tragedy,tragedy,,1630,1630 [1619-1630],,King's Men,King's Men
730,730,[not in BritDrama],,n/a,,,,n/a,,n/a,
731,731,[not in BritDrama],,n/a,,,,n/a,,n/a,
732,732,[not in BritDrama],,n/a,,,,n/a,,n/a,
733,733,2186,,Tragedy,tragedy,,1626,1626 [1625-1634],,Queen Henrietta Maria's Men(?),Queen Henrietta Maria's Men
734,734,[not in BritDrama],,n/a,,,,n/a,,n/a,
735,735,[not in BritDrama],,n/a,,,,n/a,,n/a,
736,736,2411,,Comedy,comedy,,1633,1633 [1632-1639],,Queen Henrietta Maria's Men(?),Queen Henrietta Maria's Men
737,737,[not in BritDrama],,n/a,,,,n/a,,n/a,
738,738,[not in BritDrama],,n/a,,,,n/a,,n/a,
739,739,2069,,Romance,romance,,1623,"1623 [1607-1609, 1619-1626]",,Lady Elizabeth's Men(?); Queen Anne's Men(?),Lady Elizabeth's Men; Queen Anne's Men
740,740,1900,,History,history,,1619,1619 [1611-1655],,Unknown,Unknown
741,741,1796,,Tragicomedy,tragicomedy,,1616,1616 [1615-1617],,Unknown,Unknown
742,742,[not in BritDrama],,n/a,,,,n/a,,n/a,
743,743,[not in BritDrama],,n/a,,,,n/a,,n/a,
744,744,[not in BritDrama],,n/a,,,,n/a,,n/a,
745,745,2334,,Pastoral,pastoral,,1631,1631 [1630-1631],,n/a,
746,746,2550,,Allegory,allegory,,1636,1636 [Aug],,n/a,
747,747,[not in BritDrama],,n/a,,,,n/a,,n/a,
748,748,[not in BritDrama],,n/a,,,,n/a,,n/a,
749,749,2238,,History; Tragedy,history; tragedy,,1628,1628 [1628-1634],,Queen Henrietta Maria's Men,Queen Henrietta Maria's Men
750,750,[not in BritDrama],,n/a,,,,n/a,,n/a,
751,751,[not in BritDrama],,n/a,,,,n/a,,n/a,
752,752,[not in BritDrama],,n/a,,,,n/a,,n/a,
753,753,[not in BritDrama],,n/a,,,,n/a,,n/a,
754,754,[not in BritDrama],,n/a,,,,n/a,,n/a,
755,755,1006,,Jig,jig,,1595,1595 [1595 or earlier],,Lord Chamberlain's (Hunsdon's) Men(?),Lord Chamberlain's (Hunsdon's) Men
756,756,[not in BritDrama],,n/a,,,,n/a,,n/a,
757,757,[not in BritDrama],,n/a,,,,n/a,,n/a,
758,758,2545,,Tragicomedy,tragicomedy,,1636,1636 [May],,King's Men,King's Men
759,759,2417,,Comedy,comedy,,1633,1633 [Oct],,King's Men,King's Men
760,760,2043,,Tragicomedy,tragicomedy,,1623,1623 [1621-1625] [revised 1634],,King's Men,King's Men
761,761,[not in BritDrama],,n/a,,,,n/a,,n/a,
762,762,[not in BritDrama],,n/a,,,,n/a,,n/a,
763,763,[not in BritDrama],,n/a,,,,n/a,,n/a,
764,764,[not in BritDrama],,n/a,,,,n/a,,n/a,
765,765,[not in BritDrama],,n/a,,,,n/a,,n/a,
766,766,1899,,Tragicomedy,tragicomedy,,1619,1619 [1618-1619],,Prince Charles's Men (first)(?),Prince Charles's Men (first)
767,767,2085,,Theatre Masque,masque,,1624,1624 [Mar],,Lady Elizabeth's Men,Lady Elizabeth's Men
768,768,[not in BritDrama],,n/a,,,,n/a,,n/a,
769,769,[not in BritDrama],,n/a,,,,n/a,,n/a,
770,770,[not in BritDrama],,n/a,,,,n/a,,n/a,
771,771,2376,,Comedy,comedy,,1632,1632 [1628-1632],,Unknown,Unknown
772,772,2449,,Tragicomedy,tragicomedy,,1634,1634 [1633-1635],,King's Men,King's Men
773,773,[not in BritDrama],,n/a,,,,n/a,,n/a,
774,774,[not in BritDrama],,n/a,,,,n/a,,n/a,
775,775,[not in BritDrama],,n/a,,,,n/a,,n/a,
776,776,[not in BritDrama],,n/a,,,,n/a,,n/a,
777,777,1235,,Tragedy,tragedy,,1600,1600 [spring],,Admiral's (Nottingham's) Men,Admiral's (Nottingham's) Men
778,778,1644,,Comedy,comedy,,1611,1611 [revised 1638],,Prince Henry's Men,Prince Henry's Men
779,779,[not in BritDrama],,n/a,,,,n/a,,n/a,
780,780,2022,,Tragedy,tragedy,,1622,1622 [Sep],,King's Men,King's Men
781,781,1993,,Comedy,comedy,,1621,1621 [1621-1622],,King's Men,King's Men
782,782,1981,,Tragedy,tragedy,,1621,1621 [1618-1621],,Unknown,Unknown
783,783,[not in BritDrama],,n/a,,,,n/a,,n/a,
784,784,2298,,Comedy,comedy,,1630,1630,,Unknown,Unknown
785,785,1992,,Tragedy,tragedy,,1621,1621,,Prince Charles's Men (first),Prince Charles's Men (first)
786,786,[not in BritDrama],,n/a,,,,n/a,,n/a,
787,787,[not in BritDrama],,n/a,,,,n/a,,n/a,
788,788,2373,,Comedy,comedy,,1632,1632 [May],,King's Men,King's Men
789,789,[not in BritDrama],,n/a,,,,n/a,,n/a,
790,790,[not in BritDrama],,n/a,,,,n/a,,n/a,
791,791,[not in BritDrama],,n/a,,,,n/a,,n/a,
792,792,[not in BritDrama],,n/a,,,,n/a,,n/a,
793,793,[not in BritDrama],,n/a,,,,n/a,,n/a,
794,794,[not in BritDrama],,n/a,,,,n/a,,n/a,
795,795,[not in BritDrama],,n/a,,,,n/a,,n/a,
796,796,2407,,Comedy,comedy,,1633,1633,,Unknown,Unknown
797,797,2395,,Pastoral,pastoral,,1633,1633 [Jan],,n/a,
798,798,[not in BritDrama],,n/a,,,,n/a,,n/a,
799,799,[not in BritDrama],,n/a,,,,n/a,,n/a,
800,800,[not in BritDrama],,n/a,,,,n/a,,n/a,
801,801,1250,,Comedy,comedy,,1600,1600 [summer],,Admiral's (Nottingham's) Men,Admiral's (Nottingham's) Men
802,802,[not in BritDrama],,n/a,,,,n/a,,n/a,
803,803,[not in BritDrama],,n/a,,,,n/a,,n/a,
804,804,[not in BritDrama],,n/a,,,,n/a,,n/a,
805,805,[not in BritDrama],,n/a,,,,n/a,,n/a,
806,806,[not in BritDrama],,n/a,,,,n/a,,n/a,
807,807,[not in BritDrama],,n/a,,,,n/a,,n/a,
808,808,2401,,Comedy,comedy,,1633,1633 [early],,Unknown,Unknown
809,809,2544,,Comedy,comedy,,1636,1636 [May],,King's Revels Company,King's Revels Company
810,810,2518,,Tragicomedy,tragicomedy,,1635,1635 [1635-1636],,King's Revels Company,King's Revels Company
811,811,2371,,Tragedy,tragedy,,1632,1632 [1625-1637],,Unknown,Unknown
812,812,[not in BritDrama],,n/a,,,,n/a,,n/a,
813,813,[not in BritDrama],,n/a,,,,n/a,,n/a,
814,814,[not in BritDrama],,n/a,,,,n/a,,n/a,
not in Greg,815,[not in BritDrama],,n/a,,,,n/a,,n/a,
L1,816,707,,Tragedy,tragedy,,1581,1581,,n/a,
L2,817,719,,Tragedy,tragedy,,1582,1582 [Feb],,n/a,
L3,818,915,,Tragedy,tragedy,,1592,1592 [Feb],,n/a,
L4,819,914,,Tragicomedy,tragicomedy,,1592,1592 [Feb],,n/a,
L5,820,1376,,Tragedy,tragedy,,1602,1602 [1591-1603],,n/a,
L6,821,1474; 1477,,Comedy,comedy,,1605,1605 [Aug],,n/a,
L7,822,1770,,Pastoral,pastoral,,1615,1615 [Mar],,n/a,
L8,823,1768,,Comedy,comedy,,1615,1615 [Mar],,n/a,
L9,824,697,,Comedy,comedy,,1581,1581 [Feb],,n/a,
L10,825,1887,,Comedy,comedy,,1619,1619 [Feb],,n/a,
L11,826,991,,Tragedy,tragedy,,1595,1595 [Feb] [1590-1596],,n/a,
L12,827,2296,,Comedy,comedy,,1630,1630 [1629-1631],,n/a,
L13,828,710,,Allegory,allegory,,1581,1581 [Dec],,n/a,
L14,829,1395,,Comedy,comedy,,1603,1603 [Mar],,n/a,
L15,830,[not in BritDrama],,n/a,,,,n/a,,n/a,
L16,831,2429,,Comedy,comedy,,1634,1634 [1633-1638],,n/a,
L17,832,[not in BritDrama],,n/a,,,,n/a,,n/a,
L18,833,[not in BritDrama],,n/a,,,,n/a,,n/a,
L19,834,1801,,Comedy,comedy,,1616,1616 [early summer] ,,n/a,
L20,835,1878,,Comedy,comedy,,1618,1618 [Christmas 1618-1619],,n/a,
L21,836,1691,,Comedy,comedy,,1612,1612 [1611-1613],,n/a,
L22,837,2237,,Comedy,comedy,,1628,1628 [Mar],,n/a,
L23,838,[not in BritDrama],,n/a,,,,n/a,,n/a,
