1	Morality	Moral Interlude
3	Morality	Moral Interlude
4	Morality	Morality
5	Morality	Morality
6	Morality	Morality
7	Morality	Morality
8	Morality	Moral Interlude
9	Morality	Moral Interlude
10	Morality	Moral Interlude
11	Interlude	Romantic Interlude
12	Morality	Moral Interlude
13	Comedy	Comedy
14	Comedy	Comic Interlude
15	Comedy	Comic Interlude
16	Morality	Moral Interlude
17	Comedy	Comic Interlude
18	Comedy	Comic Interlude
19	Comedy	Comic Interlude
20	Comedy	Comic Interlude
21	Disputation	Disputation
22	Disputation	Disputation
23	Interlude	Interlude
24	Morality	Moral Interlude
25	Morality	Moral Interlude
26	Morality	Moral Interlude
27	Comedy	Comic Interlude
28	Comedy	Comic Interlude
29	Comedy	Comic Interlude
30	Morality	Moral Interlude
31	Mystery	Anti-Catholic Mystery
32	Mystery	Anti-Catholic Mystery
33	Mystery	Anti-Catholic Mystery
34	Morality	Anti-Catholic Moral
35	Morality	Anti-Catholic Moral
36	Morality	Anti-Catholic Moral
37	Morality	Moral Interlude
39	Morality	Moral Interlude
40	Tragedy	Tragedy
41	Tragedy	Tragedy
42	Tragedy	Tragedy
43	Tragedy	Tragedy
44	Morality	Moral Interlude
45	Morality	Moral Interlude
46	Morality	Anti-Catholic Moral
49	Morality	Anti-Catholic Moral
5004.01	Interlude	May Game Play
125	Entertainment	Royal Entertainment
50	Interlude	Biblical Interlude
51	Tragedy	Tragedy
52	Comedy	Comedy
53	Comedy	Comedy
54	Comedy	Comedy
57	Interlude	Interlude
58	Morality	Moral Interlude
59	Tragedy	Tragedy
60	Tragedy	Tragedy
61	Tragedy	Tragedy
62	Morality	Protestant Moral
63	Morality	Protestant Moral
64	Morality	Anti-Catholic Moral
65	Morality	Anti-Catholic Moral
66	Morality	Anti-Catholic Moral
67	Tragedy	Tragedy
68	Interlude	Interlude
69	Tragedy	Tragedy
70	Tragedy	Tragedy
71	Comedy	Comedy
72	Interlude	Biblical Interlude
73	Interlude	Biblical Interlude
74	Morality	Moral Interlude
75	Morality	Moral Interlude
76	Morality	Moral Interlude
77	Morality	Moral Interlude
78	Morality	Moral Interlude
80	Interlude	Biblical Interlude
81	Comedy	Comedy
82	Morality	Protestant Moral
83	Interlude	Interlude
84	Morality	Moral Interlude
85	Tragedy	Tragedy
86	Tragedy	Tragedy
87	Tragedy	Tragedy
88	Morality	Protestant Moral
89	Tragicomedy	Tragicomedy
90	Tragicomedy	Tragicomedy
91	Morality	Protestant Moral
92	Morality	Anti-Catholic Moral
93	Morality	Protestant Moral
94	Morality	Classical Moral
5011.01	Entertainment	Royal Reception
1204	Allegory	Latin Allegory
5013.01	Entertainment	Royal Reception
95	Comedy	Comedy
96	Morality	Moral Allegory
97	Morality	Moral Allegory
99	Morality	Heroical Moral
100	Morality	Heroical Moral
98	Morality	Moral Allegory
101	Morality	Moral
102	Tragedy	Tragedy
103	Satire	Satirical Moral
104	Entertainment	Entertainment
105	Entertainment	Entertainment
106	Entertainment	Entertainment
107	Morality	Moral Interlude
108	Entertainment	Tilt and Entertainment
109	Morality	Protestant Moral
110	Morality	Protestant Moral
111	Comedy	Classical Legend (Comedy)
112	Comedy	Classical Legend (Comedy)
113	Comedy	Classical Legend (Comedy)
114	Classical Legend	Classical Legend (Pastoral)
115	Comedy	Classical Legend (Comedy)
116	Comedy	Classical Legend (Comedy)
117	Comedy	Classical Legend (Comedy)
118	Comedy	Classical Legend (Comedy)
119	Morality	Moral
120	Morality	Moral
121	Comedy	Comedy
122	Civic Pageant	Civic Pageant
123	Entertainment	Royal Entertainment
124	Tragedy	Tragedy
126	Comedy	Comedy
127	Morality	Mythological Moral
128	Morality	Moral
129	Romance	Heroical Romance
130	Romance	Heroical Romance
131	Civic Pageant	Civic Pageant
5020.01	Pastoral	Pastoral
132	Entertainment	Royal Entertainment
133	Comedy	Classical Legend (Comedy)
134	Civic Pageant	Civic Pageant
137	Entertainment	Royal Entertainment
138	Tragedy	Tragedy
140	Comedy	Classical Legend (Comedy)
141	Comedy	Comedy
142	Tragedy	Tragedy
144	Tragedy	Tragedy
143	Tragedy	Tragedy
145	Tragedy	Tragedy
5024.01	Tragedy	Tragedy
146	Tragedy	Tragedy
147	Tragedy	Tragedy
148	Tragedy	Tragedy
149	Tragedy	Tragedy
150	Tragedy	Tragedy
151	Tragedy	Tragedy
152	Tragedy	Tragedy
153	Tragedy	Tragedy
154	Tragedy	Tragedy
155	Tragedy	Tragedy
156	Tragedy	Tragedy
157	Tragedy	Tragedy
158	Tragedy	Tragedy
159	Tragedy	Tragedy
160	Tragedy	Tragedy
161	Tragedy	Tragedy
5141.01	Pastoral	Pastoral
162	History	History
163	History	History
164	Comedy	Romantic Comedy
165	Comedy	Romantic Comedy
166	History	History
167	History	History
168	Comedy	Comedy
169	Tragedy	Tragedy
170	Tragedy	Tragedy
171	Tragedy	Tragedy
172	Tragedy	Tragedy
173	Tragedy	Tragedy
174	Morality	Biblical Moral
175	Morality	Biblical Moral
176	Morality	Biblical Moral
177	Morality	Biblical Moral
178	Morality	Biblical Moral
179	History	History
180	History	History
181	Comedy	Comedy
182	Comedy	Comedy
183	Comedy	Comedy
184	Comedy	Comedy
185	Comedy	Comedy
186	Comedy	Comedy
187	Comedy	Comedy
188	History	Classical History
189	Comedy	Romantic Comedy
190	Comedy	Romantic Comedy
191	Comedy	Comedy
192	Comedy	Comedy
193	Comedy	Comedy
194	History	History
195	History	Foreign History
196	Tragedy	Tragedy
197	History	History
198	History	History
199	History	History
200	History	History
201	History	History
202	History	History
203	Romance	Heroical Romance
204	Romance	Heroical Romance
205	History	Classical History
206	Tragedy	Tragedy
207	History	Foreign History
208	Morality	Protestant Moral
209	Comedy	Comedy
210	History	Pseudo-History
211	Romance	Romance
212	History	History
213	History	History
214	Tragicomedy	Tragicomedy
215	History	History
216	History	History
217	History	History
218	History	History
219	History	History
220	History	History
221	History	History
222	History	History
223	History	History
224	History	History
225	History	History
226	History	History
227	History	History
228	History	History
229	History	History
230	History	History
231	History	History
232	History	History
233	Tragedy	Tragedy
234	Tragedy	Tragedy
235	Tragedy	Tragedy
236	Tragedy	Tragedy
237	Tragedy	Tragedy
238	Tragedy	Tragedy
239	Comedy	Comedy
240	History	History
241	History	History
242	History	History
243	History	History
244	History	History
245	History	History
246	History	History
247	History	History
248	History	History
249	Comedy	Comedy
250	Tragicomedy	Tragicomedy
251	Tragicomedy	Tragicomedy
252	History	History
253	History	History
254	History	History
255	History	History
256	Comedy	Comedy
257	Comedy	Comedy
258	Comedy	Romantic Comedy
259	Comedy	Romantic Comedy
260	Comedy	Romantic Comedy
261	Comedy	Romantic Comedy
262	Comedy	Romantic Comedy
263	Comedy	Romantic Comedy
265	Comedy	Romantic Comedy
266	Comedy	Romantic Comedy
267	Comedy	Romantic Comedy
268	Comedy	Romantic Comedy
269	Comedy	Romantic Comedy
270	Comedy	Romantic Comedy
271	Comedy	Romantic Comedy
272	Comedy	Romantic Comedy
273	Comedy	Romantic Comedy
274	Tragedy	Tragedy
275	Romance	Heroical Romance
276	Romance	Heroical Romance
277	Comedy	Romantic Comedy
278	Comedy	Comedy
279	Comedy	Comedy
280	History	Biblical History
281	Comedy	Comedy
282	Comedy	Comedy
283	Comedy	Comedy
284	Comedy	Comedy
285	Comedy	Comedy
286	Comedy	Comedy
287	Comedy	Comedy
288	History	History
289	History	History
290	History	History
291	History	History
292	History	History
293	History	History
294	History	History
295	Comedy	Comedy
296	Comedy	Comedy
297	Comedy	Comedy
298	Comedy	Comedy
299	History	Pseudo-History
300	History	Pseudo-History
301	Comedy	Comedy
302	Comedy	Comedy
303	Comedy	Comedy
304	Comedy	Comedy
305	Comedy	Comedy
306	Comedy	Comedy
307	Comedy	Comedy
308	Comedy	Comedy
309	Comedy	Comedy
310	Comedy	Comedy
311	Comedy	Comedy
312	Comedy	Comedy
313	Comedy	Comedy
314	Comedy	Domestic Comedy
315	Comedy	Domestic Comedy
316	Comedy	Domestic Comedy
317	Pastoral	Pastoral
318	History	History
319	History	History
320	Comedy	Comedy
321	Comedy	Comedy
322	Tragedy	Tragedy
323	Pastoral	Pastoral
326	Tragedy	Tragedy
327	Comedy	Comedy
329	Comedy	Comedy
324	Pastoral	Pastoral
325	Tragicomedy	Tragicomedy
328	Comedy	Comedy
330	Comedy	Comedy
331	Comedy	Comedy
332	History	History
333	History	History
334	Morality	Moral Interlude
335	Comedy	Comedy
336	Comedy	Comedy
337	Comedy	Comedy
338	Comedy	Comedy
339	Comedy	Comedy
340	Comedy	Comedy
341	Comedy	Comedy
342	History	History
343	Comedy	Comedy
344	Comedy	Comedy
345	Tragedy	Tragedy
369	Tragedy	Tragedy
370	Tragedy	Tragedy
371	Tragedy	Tragedy
346	Tragedy	Tragedy
347	Tragedy	Tragedy
348	Tragedy	Tragedy
349	Tragedy	Tragedy
350	Tragedy	Tragedy
351	Tragedy	Tragedy
352	Tragedy	Tragedy
353	Comedy	Comedy
354	Comedy	Comedy
355	Comedy	Comedy
356	Entertainment	Coronation Entertainment
357	Entertainment	Coronation Entertainment
358	Entertainment	Coronation Entertainment
359	Tragicomedy	Tragicomedy
360	Tragicomedy	Tragicomedy
361	Tragicomedy	Tragicomedy
362	Comedy	Comedy
363	Comedy	Comedy
364	Comedy	Comedy
365	Comedy	Comedy
367	Comedy	Comedy
366	Comedy	Comedy
368	Comedy	Comedy
372	Tragedy	Tragedy
373	Tragedy	Tragedy
374	Tragedy	Tragedy
375	Tragedy	Tragedy
376	Tragedy	Tragedy
377	Tragedy	Tragedy
378	Comedy	Comedy
379	Masque	Masque
380	Masque	Masque
381	Entertainment	Coronation Entertainment
382	Entertainment	Coronation Entertainment
383	History	Pseudo-History
384	History	Pseudo-History
385	Comedy	Comedy
386	History	History
387	History	History
388	History	History
389	History	History
390	History	Legendary History
391	Comedy	Comedy
392	History	History
393	History	History
394	History	History
395	History	History
396	History	History
397	History	History
398	History	History
399	History	History
400	History	History
401	Tragedy	Tragedy
402	Comedy	Comedy
403	Comedy	Comedy
404	Comedy	Comedy
405	Comedy	Comedy
406	Civic Pageant	Civic Pageant
407	Comedy	Comedy
408	History	History
409	History	Pseudo-History
410	Comedy	Comedy
411	Tragedy	Tragedy
412	History	History
413	History	History
414	History	History
415	History	History
416	History	History
417	Satire	Satirical Comedy
418	Satire	Satirical Comedy
419	Comedy	Comedy
420	Pastoral	Pastoral
421	Comedy	Comedy
422	Comedy	Comedy
423	Comedy	Comedy
424	Comedy	Comedy
425	History	Pseudo-History
426	Comedy	Comedy
427	Comedy	Comedy
428	Tragedy	Tragedy
429	Tragedy	Tragedy
430	Tragedy	Tragedy
431	Tragedy	Tragedy
432	Tragedy	Tragedy
433	Entertainment	Royal Entertainment
434	Comedy	Comedy
435	Comedy	Comedy
436	Comedy	Comedy
437	Comedy	Comedy
438	Comedy	Comedy
439	Comedy	Comedy
441	Comedy	Comedy
442	Comedy	Comedy
443	Comedy	Comedy
444	Comedy	Comedy
445	Comedy	Comedy
446	Comedy	Comedy
447	Comedy	Comedy
448	Comedy	Comedy
449	Masque	Masque and Barriers
450	Masque	Wedding Masque
113	Classical Legend	Classical Legend (Comedy)
115	Classical Legend	Classical Legend (Comedy)
116	Classical Legend	Classical Legend (Comedy)
117	Classical Legend	Classical Legend (Comedy)
5166.01	Burlesque	Burlesque Masque
456	Morality	Academic Moral
457	Morality	Academic Moral
458	Tragedy	Tragedy
459	Tragedy	Tragedy
460	History	Allegorical History
461	Comedy	Comedy
462	Comedy	Comedy
463	Comedy	Comedy
464	Comedy	Comedy
465	Comedy	Comedy
466	Comedy	Comedy
467	Comedy	Comedy
468	Comedy	Comedy
469	Comedy	Comedy
470	Comedy	Comedy
471	Comedy	Comedy
472	History	Foreign History
473	History	Foreign History
474	History	Foreign History
475	History	Foreign History
476	History	Foreign History
477	History	Foreign History
478	Comedy	Comedy
479	Comedy	Comedy
480	Comedy	Comedy
481	Comedy	Comedy
482	Topical Play	Topical Play
484	Domestic Drama	Domestic Drama
485	Domestic Drama	Domestic Drama
486	Domestic Drama	Domestic Drama
483	Topical Play	Topical Play
487	Domestic Drama	Domestic Drama
488	Comedy	Comedy
489	Comedy	Comedy
490	Comedy	Comedy
491	Tragedy	Tragedy
492	Tragedy	Tragedy
493	Tragedy	Tragedy
494	Tragedy	Tragedy
495	Comedy	Comedy
496	Comedy	Comedy
497	Comedy	Comedy
498	Comedy	Comedy
499	History	History
500	History	History
501	Comedy	Comedy
502	Tragedy	Tragedy
503	Tragedy	Tragedy
504	Comedy	Comedy
528	Tragedy	Tragedy
529	Tragedy	Tragedy
505	Comedy	Comedy
506	Comedy	Comedy
507	Comedy	Comedy
508	Comedy	Comedy
509	Comedy	Comedy
511	Comedy	Comedy
512	Comedy	Comedy
513	Comedy	Comedy
514	Comedy	Comedy
515	Comedy	Comedy
516	Comedy	Comedy
517	Tragedy	Tragedy
518	Tragedy	Tragedy
519	Tragedy	Tragedy
520	Comedy	Comedy
521	Comedy	Comedy
522	Comedy	Comedy
523	Tragedy	Tragedy
524	Tragedy	Tragedy
525	Tragedy	Tragedy
526	Tragedy	Tragedy
527	Tragedy	Tragedy
530	Comedy	Comedy
531	Comedy	Comedy
532	Comedy	Comedy
533	Comedy	Comedy
534	Comedy	Comedy
535	Comedy	Comedy
536	Tragedy	Tragedy
537	Tragedy	Tragedy
538	Tragedy	Tragedy
539	Tragedy	Tragedy
540	Masque	Masque
541	Comedy	Comedy
542	Comedy	Comedy
543	Comedy	Comedy
544	Civic Pageant	Civic Pageant
545	Comedy	Comedy
546	Tragicomedy	Tragicomedy
547	Tragicomedy	Tragicomedy
548	Tragicomedy	Tragicomedy
549	Tragicomedy	Tragicomedy
550	Tragicomedy	Tragicomedy
551	Tragicomedy	Tragicomedy
552	Comedy	Comedy
553	Tragedy	Tragedy
554	Tragedy	Tragedy
555	Pastoral	Pastoral
556	Pastoral	Pastoral
557	Pastoral	Pastoral
558	Pastoral	Pastoral
559	Entertainment	St George's Day Show
560	Entertainment	Royal Entertainment
561	Comedy	Comedy
5071.01	Masque	Masque
562	Comedy	Comedy
563	Comedy	Comedy
564	Comedy	Comedy
565	Tragedy	Tragedy
566	Tragedy	Tragedy
567	Classical Legend	Classical Legend
568	Civic Pageant	Civic Pageant
569	Civic Pageant	Civic Pageant
570	Tragedy	Tragedy
571	Tragedy	Tragedy
573	Comedy	Comedy
572	Tragedy	Tragedy
574	Comedy	Comedy
575	Comedy	Comedy
576	Tragedy	Tragedy
577	Comedy	Comedy
578	Civic Pageant	Civic Pageant
579	Comedy	Comedy
580	Comedy	Comedy
581	Comedy	Comedy
582	Comedy	Comedy
583	Tragedy	Tragedy
584	Tragedy	Tragedy
585	Tragedy	Tragedy
586	Tragedy	Tragedy
587	Tragedy	Tragedy
609	Comedy	Comedy
610	Civic Pageant	Civic Pageant
611	Comedy	Comedy
612	Comedy	Comedy
613	Comedy	Comedy
588	Masque	Masque
589	Masque	Masque
590	Masque	Masque
591	Masque	Masque
592	Masque	Masque
593	Civic Pageant	Civic Pageant
1153	Civic Pageant	Civic Pageant
595	Classical Legend	Classical Legend
597	Tragedy	Tragedy
598	Tragedy	Tragedy
599	Tragedy	Tragedy
600	Tragedy	Tragedy
601	Tragedy	Tragedy
602	Tragedy	Tragedy
603	Tragedy	Tragedy
604	Romance	Burlesque Romance
605	Romance	Burlesque Romance
606	Classical Legend	Classical Legend
607	Masque	Masque
608	Masque	Masque
614	Masque	Wedding Masque
615	Masque	Wedding Masque
616	Pastoral	Pastoral
617	Comedy	Comic Dialogue
618	Comedy	Comic Dialogue
619	History	History
620	Tragedy	Tragedy
621	Tragedy	Tragedy
622	Tragedy	Tragedy
623	History	Pseudo-History
624	History	Pseudo-History
625	Comedy	Comedy
626	Comedy	Comedy
627	Comedy	Comedy
628	Comedy	Comedy
629	Comedy	Comic Dialogue
630	Civic Pageant	Civic Pageant
697	Tragedy	Tragedy
698	Tragedy	Tragedy
699	Tragedy	Tragedy
631	Romance	Heroical Romance
632	Romance	Heroical Romance
633	Comedy	Comedy
634	Comedy	Comedy
635	Comedy	Comedy
636	Comedy	Comedy
637	Comedy	Comedy
638	Comedy	Comedy
640	Comedy	Comedy
639	Comedy	Comedy
641	Civic Pageant	Civic Pageant
642	Comedy	Comedy
643	Comedy	Comedy
644	Comedy	Comedy
645	Comedy	Comedy
646	Comedy	Comedy
647	Entertainment	Royal Entertainment
648	Masque	Masque
649	Civic Pageant	Civic Pageant
653	Morality	Moral
654	Morality	Moral
656	Civic Pageant	Civic Pageant
650	Tragicomedy	Tragicomedy
651	Tragicomedy	Tragicomedy
652	Tragicomedy	Tragicomedy
655	Comedy	Comic Dialogue
657	Comedy	Comedy
658	Comedy	Comedy
659	Comedy	Comedy
660	Tragedy	Tragedy
661	Tragedy	Tragedy
662	Tragedy	Tragedy
663	Tragedy	Tragedy
664	Tragedy	Tragedy
665	Tragedy	Tragedy
666	Tragedy	Tragedy
667	Tragedy	Tragedy
668	Masque	Masque
694	Tragedy	Tragedy
695	Tragedy	Tragedy
696	Tragedy	Tragedy
669	Civic Pageant	Civic Pageant
670	Tragicomedy	Tragicomedy
671	Tragicomedy	Tragicomedy
672	Tragicomedy	Tragicomedy
673	Tragicomedy	Tragicomedy
674	Tragicomedy	Tragicomedy
675	Comedy	Comic Dialogue
676	Comedy	Comedy
677	Tragicomedy	Tragicomedy
678	Tragicomedy	Tragicomedy
679	Tragicomedy	Tragicomedy
680	Tragicomedy	Tragicomedy
681	Tragicomedy	Tragicomedy
682	Tragicomedy	Tragicomedy
683	Tragicomedy	Tragicomedy
684	Tragicomedy	Tragicomedy
685	Tragicomedy	Tragicomedy
686	Comedy	Comedy
691	Tragedy	Tragedy
692	Tragedy	Tragedy
693	Tragedy	Tragedy
687	Masque	Masque
688	Masque	Masque
689	Civic Pageant	Civic Pageant
690	Civic Pageant	Civic Pageant
700	Tragedy	Tragedy
701	Masque	Masque
702	Masque	Masque
703	Tragedy	Tragedy
704	Tragedy	Tragedy
705	Civic Pageant	Civic Pageant
706	Comedy	Comedy
707	Comedy	Comedy
709	Masque	Masque
710	Tragedy	Tragedy
711	Tragedy	Tragedy
894	Tragicomedy	Tragicomedy
902	Tragedy	Tragedy; Tragicomedy
1070	Masque	Masque
1071	Masque	Masque
712	Civic Pageant	Civic Pageant
713	Tragicomedy	Tragicomedy
714	Tragedy	Tragedy
716	Tragedy	Tragedy
717	Masque	Masque
718	Tragicomedy	Tragicomedy
719	Tragicomedy	Tragicomedy
720	Tragicomedy	Tragicomedy
721	Civic Pageant	Civic Pageant
722	Tragedy	Tragedy
723	Tragedy	Tragedy
724	Masque	Masque
725	Satire	Political Satire
726	Satire	Political Satire
727	Satire	Political Satire
728	Satire	Political Satire
731	Pastoral	Pastoral
736	Civic Pageant	Civic Pageant
729	Civic Pageant	Civic Pageant
730	Comedy	Comedy
732	Tragedy	Tragedy
733	Civic Pageant	Civic Pageant
734	Tragicomedy	Tragicomedy
735	Tragicomedy	Tragicomedy
737	Tragedy	Tragedy
738	Tragicomedy	Tragicomedy
739	Tragicomedy	Tragicomedy
740	Tragedy	Tragedy
741	Tragedy	Tragedy
742	Comedy	Comedy
743	Comedy	Comedy
807	Tragedy	Tragedy
808	History	Pseudo-History
809	History	Pseudo-History
744	Comedy	Comedy
745	Entertainment	Academic Entertainment
746	Entertainment	Academic Entertainment
747	Entertainment	Academic Entertainment
748	Tragedy	Tragedy
749	Comedy	Comedy
750	Tragicomedy	Tragicomedy
751	Tragicomedy	Tragicomedy
752	Tragicomedy	Tragicomedy
753	Comedy	Comedy
754	Morality	Moral
755	Comedy	Comedy
756	Tragicomedy	Tragicomedy
758	Tragicomedy	Tragicomedy
760	Masque	Masque
761	Tragedy	Tragedy
767	Comedy	Comedy
768	Piscatory	Piscatory
769	History	Classical History
762	Romance	Romance
763	Romance	Romance
764	Tragicomedy	Tragicomedy
765	Comedy	Comedy
766	Comedy	Comedy
770	History	Classical History
771	History	Classical History
772	History	Classical History
773	Comedy	Comedy
774	Comedy	Comedy
775	Tragedy	Tragedy
961	Neo-miracle	Neo-miracle
777	Civic Pageant	Civic Pageant
778	Pastoral	Pastoral
890	Tragicomedy	Tragicomedy
893	Tragicomedy	Tragicomedy
895	Tragicomedy	Tragicomedy
779	Pastoral	Pastoral
780	Tragedy	Tragedy
781	History	History
782	Masque	Masque
783	Masque	Masque
784	Masque	Masque
785	Masque	Masque
786	Comedy	Comedy
787	Tragedy	Tragedy
788	Tragicomedy	Tragicomedy
789	Comedy	Comedy
790	Comedy	Comedy
792	Comedy	Comedy
793	Comedy	Comedy
794	Tragedy	Tragedy
795	Tragicomedy	Tragicomedy
797	Classical Legend	Classical Legend
798	Classical Legend	Classical Legend
799	Classical Legend	Classical Legend
796	Civic Pageant	Civic Pageant
800	Comedy	Comedy
801	Comedy	Comedy
802	Comedy	Comedy
803	Comedy	Comedy
804	Comedy	Comedy
805	Tragicomedy	Tragicomedy
806	Tragicomedy	Tragicomedy
810	Morality	Moral
811	Comedy	Comedy
1072	Masque	Masque
1075	Comedy	Comedy
1077	Tragicomedy	Tragicomedy
812	Tragedy	Tragedy
813	Comedy	Comedy
814	Comedy	Comedy
815	Tragedy	Tragedy
816	Comedy	Comedy
817	Tragedy	Tragedy
818	Comedy	Comedy
819	History	History
820	Civic Pageant	Civic Pageant
821	Tragicomedy	Tragicomedy
822	Tragedy	Tragedy
823	Tragedy	Tragedy
824	Tragedy	Tragedy
825	Entertainment	Royal Entertainment
826	Masque	Masque
828	Masque	Masque
832	History	Pseudo-History
835	Tragicomedy	Tragicomedy
836	Comedy	Comedy
837	Topical Play	Topical Play
830	Masque	Masque
831	Masque	Masque
833	History	History
834	History	History
838	Civic Pageant	Civic Pageant
839	Masque	Masque
840	Masque	Masque
841	Masque	Masque
842	Tragedy	Tragedy
843	Pastoral	Pastoral
844	Civic Pageant	Civic Pageant
845	Tragicomedy	Tragicomedy
846	Masque	Masque
847	Entertainment	Academic Entertainment
849	Classical Legend	Classical Legend
866	Comedy	Comedy
869	Tragicomedy	Tragicomedy
891	Tragicomedy	Tragicomedy
850	Classical Legend	Classical Legend
851	Classical Legend	Classical Legend
460	Allegory	Allegorical History
853	Tragicomedy	Tragicomedy
854	Comedy	Comedy
855	Comedy	Comedy
856	Comedy	Comedy
857	Comedy	Comedy
858	Tragicomedy	Tragicomedy
859	History	Tragedy and History
860	Entertainment	Royal Entertainment
861	Entertainment	Royal Entertainment
862	Entertainment	Comic Show
863	Tragedy	Tragedy
864	Morality	Moral Masque
865	Comedy	Comedy
867	Comedy	Comedy
868	Comedy	Comedy
870	Comedy	Comedy
871	Comedy	Comedy
872	Tragicomedy	Tragicomedy
873	Tragedy	Tragedy
874	Comedy	Comedy
875	Civic Pageant	Civic Pageant
876	Comedy	Comedy
877	Morality	Moral Masque
878	Tragicomedy	Tragicomedy
879	Tragicomedy	Tragicomedy
880	Masque	Masque
881	Masque	Masque
882	Comedy	Comedy
883	Comedy	Comedy
884	Tragedy	Tragedy
886	Tragicomedy	Tragicomedy
887	Tragicomedy	Tragicomedy
888	Tragicomedy	Tragicomedy
889	Comedy	Comedy
885	Tragedy	Tragedy
892	Tragicomedy	Tragicomedy
896	Comedy	Comedy
897	Comedy	Comedy
898	Pastoral	Pastoral
899	Comedy	Comedy
900	Comedy	Comedy
901	Comedy	Comedy
903	Tragedy	Tragedy; Tragicomedy
904	Tragedy	Tragedy; Tragicomedy
905	Tragedy	Tragedy; Tragicomedy
906	Comedy	Comedy
907	Comedy	Comedy
1164	Tragicomedy	Tragicomedy
1165	Tragedy	Tragedy
1166	Tragedy	Tragedy
1167	Tragicomedy	Tragicomedy
908	Comedy	Comedy
909	Romance	Heroical Romance
910	Civic Pageant	Civic Pageant
911	Comedy	Comedy
912	Tragedy	Tragedy
913	Tragedy	Tragedy
915	Tragedy	Tragedy
918	Comedy	Comedy
919	Morality	Moral
920	Tragicomedy	Tragicomedy
921	Tragicomedy	Tragicomedy
922	Comedy	Comedy
923	Tragedy	Tragedy
924	Tragedy	Tragedy
925	Tragedy	Tragedy
926	Tragedy	Tragedy
927	Tragedy	Tragedy
928	Comedy	Comedy
929	Comedy	Comedy
935	Tragedy	Tragedy
930	Tragedy	Tragedy
931	Tragedy	Tragedy
932	Comedy	Comedy
933	History	Foreign History
934	History	Foreign History
936	Tragedy	Tragedy
937	Civic Pageant	Civic Pageant
938	Tragedy	Tragedy
939	Comedy	Comedy
5003.01	Interlude	May Game Play
940	Comedy	Comedy
941	Tragedy	Tragedy
942	Tragicomedy	Tragicomedy
943	Tragicomedy	Tragicomedy
944	Masque	Masque
945	Comedy	Comedy
946	Tragedy	Tragedy
972	Tragicomedy	Tragicomedy
973	Tragicomedy	Tragicomedy
974	Comedy	Comedy
947	Comedy	Comedy
948	Comedy	Comedy
949	Comedy	Comedy
950	Comedy	Comedy
951	Comedy	Comedy
952	Comedy	Comedy
953	Tragedy	Tragedy
954	Neo-miracle	Neo-miracle
956	Neo-miracle	Neo-miracle
958	Neo-miracle	Neo-miracle
960	Neo-miracle	Neo-miracle
962	Comedy	Comedy
963	Tragedy	Tragedy
964	Tragedy	Tragedy
966	Tragicomedy	Political Tragicomedy
967	Tragicomedy	Tragicomedy
968	Tragicomedy	Tragicomedy
965	Tragedy	Tragedy
969	Comedy	Comedy
970	Comedy	Comedy
975	Comedy	Comedy
976	Tragicomedy	Tragicomedy
977	Comedy	Comedy
978	Comedy	Comedy
979	Neo-miracle	Neo-miracle
980	Comedy	Comedy
981	Masque	Masque
983	Tragicomedy	Tragicomedy
984	Tragicomedy	Tragicomedy
985	Comedy	Comedy
986	Tragedy	Tragedy
987	Comedy	Comedy
988	Dialogue	Dialogue
989	Dialogue	Political Dialogue
1068	Tragedy	Tragedy
1069	Tragedy	Tragedy
990	Tragicomedy	Tragicomedy
991	Comedy	Political Comedy
992	Comedy	Political Comedy
993	Comedy	Political Comedy
994	Tragedy	Tragedy
995	Tragedy	Tragedy
996	Tragedy	Tragedy
997	Tragedy	Tragedy
998	Allegory	Political Allegory
999	Tragedy	Tragedy
1000	Tragedy	Tragedy
1001	Tragicomedy	Political Tragicomedy
1002	Masque	Masque
1003	Comedy	Comedy
1004	Comedy	Comedy
1005	Pastoral	Pastoral
1006	Pastoral	Pastoral
1007	Dialogue	Political Dialogue
1009	Comedy	Comedy
1011	Comedy	Comic Interlude
1012	Dialogue	Political Dialogue
1013	Comedy	Comedy
1008	Dialogue	Political Dialogue
1010	Dialogue	Political Dialogue
5178.01	Comedy	Comedy
1015	Comedy	Comedy
1016	Comedy	Comedy
1017	Comedy	Comedy
1018	Dialogue	Political Dialogue
1019	Dialogue	Political Dialogue
1020	Dialogue	Political Dialogue
1021	Dialogue	Political Dialogue
1022	Dialogue	Political Dialogue
1023	Tragedy	Tragedy
1024	Dialogue	Political Dialogue
1025	Dialogue	Political Dialogue
1026	Dialogue	Political Dialogue
1027	Dialogue	Political Dialogue
1028	Dialogue	Political Dialogue
1029	Dialogue	Political Dialogue
1030	Tragedy	Tragedy
1031	Tragedy	Tragedy
1032	Comedy	Comedy
1063	Tragicomedy	Tragicomedy
1065	Comedy	Political Comedy
1066	Comedy	Political Comedy
1067	Comedy	Political Comedy
1033	Comedy	Comedy
1034	Dialogue	Political Dialogue
1035	Tragedy	Tragedy
1036	Tragicomedy	Tragicomedy
1037	Pastoral	Pastoral Tragicomedy
1038	Dialogue	Political Dialogue
1039	Dialogue	Political Dialogue
1040	Dialogue	Political Dialogue
1041	Dialogue	Political Dialogue
1042	Dialogue	Political Dialogue
1043	Dialogue	Political Dialogue
1044	History	Contemporary Foreign History
1045	Tragicomedy	Tragicomedy
1046	Tragicomedy	Tragicomedy
1047	Dialogue	Political Dialogue
1048	Comedy	Comedy
1049	Comedy	Comedy
1050	Comedy	Comedy
1051	Tragedy	Tragedy
1052	Tragicomedy	Tragicomedy
1053	Tragedy	Tragedy
1054	Dialogue	Political Dialogue
1055	Tragedy	Tragedy
1057	Comedy	Comic Interlude
1061	Tragedy	Tragedy
1056	Comedy	Comedy
1058	Tragicomedy	Tragicomedy
1059	Comedy	Comedy
1060	Comedy	Comedy
1062	Comedy	Comedy
1064	Tragedy	Biblical Play
1073	Tragedy	Tragedy
1074	Tragedy	Tragedy
1076	Tragicomedy	Tragicomedy
1078	Comedy	Comedy
1079	Comedy	Comedy
1080	Comedy	Comedy
1081	Comedy	Comedy
1168	Pastoral	Pastoral Romance
1169	Pastoral	Pastoral Romance
1170	History	Pseudo-History
1171	Comedy	Comic Interlude
1082	Tragicomedy	Tragicomedy
1083	Tragicomedy	Tragicomedy
1084	Tragedy	Tragedy
1085	Tragicomedy	Tragicomedy
1086	Tragedy	Tragedy
1087	Tragedy	Tragedy
1088	Tragedy	Tragedy
1089	Tragedy	Tragedy
1090	Tragedy	Tragedy
1091	Tragedy	Tragedy
1092	Tragedy	Tragedy
1093	Tragedy	Tragedy
1094	Tragedy	Tragedy
1095	Tragedy	Tragedy
1096	Pastoral	Pastoral with Recitative
1097	Tragicomedy	Tragicomedy
1098	Comedy	Comedy
1100	Tragicomedy	Tragicomedy
1101	Tragicomedy	Tragicomedy
1102	Comedy	Comedy
1099	Pastoral	Pastoral
1103	Tragedy	Tragedy
1104	Comedy	Pastoral Comedy
1105	Tragicomedy	Tragicomedy
5159.01	Comedy	Comedy
5166.01	Masque	Burlesque Masque
1106	Tragedy	Tragedy
1107	Pastoral	Pastoral
1109	Morality	Moral Allegory
1110	Tragicomedy	Tragicomedy
1111	Tragicomedy	Tragicomedy
1112	Comedy	Comic Interlude
1113	History	History
1114	Tragedy	Tragedy
1115	Tragedy	Tragedy
1116	Tragedy	Tragedy
1117	Pastoral	Pastoral
1118	Comedy	Comedy
1119	Tragicomedy	Tragicomedy
1120	Tragicomedy	Tragicomedy
1121	Tragicomedy	Tragicomedy
1122	Civic Pageant	Civic Pageant
1123	Tragedy	Tragedy
1124	Comedy	Comedy
1125	Morality	Moral Masque
1130	Morality	Moral Masque
1131	Morality	Moral Masque
17	Interlude	Comic Interlude
15	Interlude	Comic Interlude
14	Interlude	Comic Interlude
1132	Disputation	Disputation
1133	Comedy	Comedy
1134	Tragicomedy	Tragicomedy
1135	Comedy	Comedy
1136	Comedy	Comedy
1138	Tragicomedy	Tragicomedy
1141	Masque	Medley
1144	Tragedy	Tragedy
1147	Comedy	Comedy
1137	Comedy	Comedy
1139	Tragicomedy	Tragicomedy
1140	Civic Pageant	Civic Pageant
1142	Masque	Medley
1143	Masque	Medley
1145	Tragedy	Tragedy
1146	Tragedy	Tragedy
1148	Tragicomedy	Tragicomedy
1149	Tragedy	Tragedy
1150	Comedy	Comedy
1151	Tragicomedy	Tragicomedy
1152	Civic Pageant	Civic Pageant
1154	Opera	Opera
1155	Comedy	Comedy
1160	Comedy	Comedy
1161	Pastoral	Pastoral Tragicomedy
1162	Tragicomedy	Pastoral Tragicomedy
1163	Tragedy	Tragedy
1172	Civic Pageant	Civic Pageant
1173	Comedy	Comedy
1174	Comedy	Comedy
1175	Masque	Masque
1176	Tragicomedy	Political Tragicomedy
1177	Comedy	Comedy
1178	Tragicomedy	Tragicomedy
1179	Pastoral	Pastoral
1180	Topical Play	Topical Play
1181	Tragicomedy	Tragicomedy
1183	Tragedy	Latin Tragedy
1184	Tragedy	Latin Tragedy
1186	Tragedy	Latin Tragedy
1188	Tragedy	Latin Tragedy
1189	Tragedy	Latin Tragedy
1190	Comedy	Latin Play
1192	Pastoral	Latin Pastoral
1193	Comedy	Latin Comedy
1195	Comedy	Latin Comedy
1196	Comedy	Latin Comedy
1197	Comedy	Latin Comedy
1198	Comedy	Latin Satirical Comedy
1199	Comedy	Latin Comedy
1200	Tragedy	Latin Tragedy
1201	Tragedy	Latin Tragedy
1202	Comedy	Latin Comedy
1203	Allegory	Latin Allegory
1205	Comedy	Latin Comedy
1206	Comedy	Latin Comedy
1207	Comedy	Latin Comedy
1208	Tragedy	Latin Tragedy
1209	Tragedy	Latin Tragedy
1210	Comedy	Latin Political Comedy
1212	Pastoral	Latin Pastoral
829	Masque	Masque
5000.01	Interlude	Romantic Interlude
5000.02	Interlude	Romantic Interlude
917	Tragedy	Tragedy
5001.01	Dialogue	Dialogue
5001.02	Dialogue	Dialogue
55	Tragedy	Tragedy
5002.01	Morality	Moral Interlude
5002.02	Morality	Moral Interlude
56	Tragedy	Tragedy
5005.01	Tragedy	Tragedy
827	Masque	Masque
5006.03	Masque	Wedding Masque
5006.01	Comedy	Comedy
5006.02	Tragedy	Tragedy
5026.03	Entertainment	Royal Entertainment
5007.01	Masque	Wedding Masque
5007.02	Comedy	Comedy
5007.03	Tragedy	Tragedy
5026.02	Entertainment	Royal Entertainment
715	Tragedy	Tragedy
5014.01	Comedy	Comedy
5014.02	Comedy	Comedy
776	Tragedy	Tragedy
5015.06	Tragedy	Tragedy
5015.02	Tragedy	Tragedy
5015.01	Tragedy	Tragedy
5015.05	Tragedy	Tragedy
5015.09	Tragedy	Tragedy
5015.03	Tragedy	Tragedy
5015.08	Tragedy	Tragedy
5015.07	Tragedy	Tragedy
5015.04	Tragedy	Tragedy
5015.10	Tragedy	Tragedy
5143.34	Masque	Masque
5009.01	Masque	Wedding Masque
5009.04	Entertainment	Royal Entertainment
5009.03	Tragedy	Tragedy
5009.02	Comedy	Comedy
5156.01	Tragicomedy	Tragicomedy
5156.02	Tragedy	Tragedy
5017.01	Romance	Heroical Romance
5017.02	Romance	Heroical Romance
5176.04	Comedy	Comedy
5021.01	History	History
5021.02	History	History
5176.02	Comedy	Comedy
5025.01	Tragedy	Latin Tragedy
5025.02	Tragedy	Latin Tragedy
5018.01	Romance	Heroical Romance
5018.02	Romance	Heroical Romance
5027.01	Tragedy	Tragedy
5028.01	Tragedy	Tragedy
5019.01	Romance	Heroical Romance
5019.02	Romance	Heroical Romance
5029.01	Tragedy	Tragedy
5030.01	Entertainment	Royal Entertainment
5047.01	Tragedy	Tragedy
5048.01	History	History
5048.02	History	History
5031.01	Entertainment	Royal Entertainment
5049.01	History	History
5049.02	History	History
1129	Masque	Moral Masque
5054.01	Tragedy	Tragedy
5056.01	Morality	Political-Religious Moral
5056.02	Morality	Political-Religious Moral
759	Tragicomedy	Tragicomedy
757	Tragicomedy	Tragicomedy
5060.02	Tragedy	Tragedy
5060.01	Tragedy	Tragedy
5059.01	Entertainment	Coronation Entertainment
5059.02	Entertainment	Royal Entertainment
957	Neo-miracle	Neo-miracle
955	Neo-miracle	Neo-miracle
5063.01	Tragedy	Tragedy
5063.02	Tragedy	Tragedy
5050.01	History	History
5050.02	History	History
5032.01	Entertainment	Royal Entertainment
959	Neo-miracle	Neo-miracle
5061.01	Tragedy	Tragedy
5061.02	Tragedy	Tragedy
5061.03	Tragedy	Tragedy
5067.01	Tragedy	Tragedy
79	Interlude	Biblical Interlude
5149.07	Comedy	Comedy
5051.01	History	History
5051.02	History	History
5072.01	Civic Pageant	Civic Pageant
5072.02	Civic Pageant	Civic Pageant
5064.02	Tragedy	Tragedy
5064.03	Tragedy	Tragedy
5064.01	Tragedy	Tragedy
5064.04	Pastoral	Pastoral
5149.06	Comedy	Comedy
5069.01	Tragedy	Tragedy
5069.02	Tragedy	Tragedy
5149.05	History	History
5068.01	Masque	Masque
5068.02	Masque	Masque
5068.03	Masque	Wedding Masque
5149.04	Tragedy	Tragedy
5022.01	History	History
5022.02	History	History
5149.03	Tragedy	Tragedy
5065.03	Tragedy	Tragedy
5065.04	Tragedy	Tragedy
5149.02	Tragedy	Tragedy
5149.01	Tragicomedy	Tragicomedy
5073.01	Entertainment	Royal Entertainment
5073.02	Masque	Wedding Masque
5065.01	Tragedy	Tragedy
5065.02	Tragedy	Tragedy
5065.05	Pastoral	Pastoral
1182	History	History
852	Classical Legend	Classical Legend
136	Entertainment	Royal Entertainment
5034.01	Entertainment	Royal Entertainment
5118.02	Morality	Moral Masque
264	Comedy	Romantic Comedy
5062.02	Tragedy	Tragedy
5062.01	Tragedy	Tragedy
5062.03	Tragedy	Tragedy
5062.04	Tragedy	Tragedy
264	Romance	Romantic Comedy
5074.02	Comedy	Comedy
5074.03	Comedy	Comedy
5074.04	Comedy	Comedy
5078.07	Civic Pageant	Entertainment
5078.08	Civic Pageant	Entertainment
5102.01	Tragicomedy	Tragicomedy
5074.05	Comedy	Comedy
5074.01	Comedy	Comedy
5074.06	Comedy	Comedy
5074.07	Comedy	Comedy
5074.08	Comedy	Comedy
5074.09	Comedy	Comedy
5074.10	Comedy	Comedy
5074.17	Entertainment	Coronation Entertainment
5074.18	Entertainment	Royal Entertainment
5074.11	Tragedy	Tragedy
5074.24	Masque	Masque and Barriers
5074.12	Comedy	Comedy
5074.22	Masque	Masque
5074.23	Masque	Masque
5074.26	Masque	Masque
5074.16	Tragedy	Tragedy
5074.15	Comedy	Comedy
5074.19	Entertainment	Royal Entertainment
5074.20	Entertainment	Royal Entertainment
5074.21	Entertainment	Royal Entertainment
5074.13	Comedy	Comedy
5074.14	Comedy	Comedy
5074.27	Entertainment	Speeches at Barriers
5074.28	Masque	Masque
5074.29	Masque	Masque
5074.30	Masque	Masque
5074.31	Entertainment	Tilt
5074.32	Masque	Masque
5074.33	Masque	Masque
5074.34	Masque	Masque
1129	Morality	Moral Masque
1128	Masque	Moral Masque
5052.01	History	History
5052.02	History	History
1128	Morality	Moral Masque
5077.01	History	History
5077.02	History	History
5077.03	Tragicomedy	Tragicomedy
1127	Masque	Moral Masque
5078.01	Civic Pageant	Entertainment
5078.02	Civic Pageant	Entertainment
5078.03	Civic Pageant	Entertainment
5078.04	Civic Pageant	Entertainment
5078.05	Civic Pageant	Entertainment
5078.06	Civic Pageant	Entertainment
5078.09	Civic Pageant	Entertainment
1127	Morality	Moral Masque
5036.01	Entertainment	Royal Entertainment
1126	Masque	Moral Masque
5023.01	History	History
5023.02	History	History
1126	Morality	Moral Masque
5141.02	Masque	Masque
5124.05	Masque	Masque
5079.05	Tragedy	Tragedy
5079.04	Masque	Masque
5079.01	Tragedy	Tragedy
5079.03	Pastoral	Pastoral
5079.02	Pastoral	Pastoral
5081.27	Tragedy	Tragedy
5081.21	History	History
5081.11	Comedy	Comedy
5081.22	History	History
982	Masque	Masque
5081.16	History	History
5081.23	History	History
5081.28	Tragedy	Tragedy
5081.17	History	History
5081.07	Comedy	Comedy
5081.19	History	History
5081.18	History	History
5081.06	Comedy	Comedy
5081.08	Comedy	Comedy
5081.09	Comedy	Comedy
5081.03	Comedy	Comedy
5081.32	Tragedy	Tragedy
5081.33	Tragedy	Tragedy
5081.25	Tragedy	Tragedy
5081.34	Tragedy	Tragedy
5081.01	Comedy	Comedy
5081.02	Comedy	Comedy
5081.04	Comedy	Comedy
5053.02	History	History
5090.01	Comedy	Comedy
5090.02	Comedy	Comedy
5081.05	Comedy	Comedy
5081.10	Comedy	Comedy
5081.12	Comedy	Comedy
5081.13	Comedy	Comedy
5081.14	Tragicomedy	Tragicomedy
5081.15	History	History
5081.20	History	History
5081.26	Tragedy	Tragedy
5081.29	Tragedy	Tragedy
5081.30	Tragedy	Tragedy
5081.31	Tragedy	Tragedy
5081.35	Tragedy	Tragedy
5081.36	Tragicomedy	Tragicomedy
5081.24	History	History
260	Romance	Romantic Comedy
259	Romance	Romantic Comedy
5070.01	Tragedy	Tragedy
5070.02	Tragedy	Tragedy
258	Romance	Romantic Comedy
5053.01	History	History
5041.01	Entertainment	Royal Entertainment
5091.01	Comedy	Comic Show
5091.02	Monologue	Monologue
5092.01	Comedy	Comic Show
5092.02	Monologue	Monologue
5093.01	Comedy	Comic Show
5093.02	Monologue	Monologue
5097.01	Comedy	Comedy
5097.02	Comedy	Comedy
5097.04	Comedy	Comedy
5097.03	Comedy	Comedy
190	Romance	Romantic Comedy
5094.01	Comedy	Comic Show
5094.02	Monologue	Monologue
5098.01	Comedy	Classical Legend (Comedy)
5098.05	Comedy	Classical Legend (Comedy)
5098.06	Comedy	Comedy
5098.03	Comedy	Classical Legend (Comedy)
5098.04	Comedy	Classical Legend (Comedy)
5098.02	Comedy	Classical Legend (Comedy)
5098.07	Comedy	Comedy
5098.08	Comedy	Comedy
5182.01	Comedy	Comedy
1185	Tragedy	Latin Tragedy
5082.27	Tragedy	Tragedy
5082.21	History	History
5082.11	Comedy	Comedy
5082.22	History	History
5082.16	History	History
5082.23	History	History
5082.28	Tragedy	Tragedy
5082.17	History	History
5082.07	Comedy	Comedy
1	Interlude	Moral Interlude
5082.19	History	History
5082.18	History	History
5082.06	Comedy	Comedy
5082.08	Comedy	Comedy
5082.09	Comedy	Comedy
5082.03	Comedy	Comedy
5082.32	Tragedy	Tragedy
5082.33	Tragedy	Tragedy
5082.25	Tragedy	Tragedy
5082.34	Tragedy	Tragedy
5082.01	Comedy	Comedy
5082.02	Comedy	Comedy
5082.04	Comedy	Comedy
5082.05	Comedy	Comedy
5082.10	Comedy	Comedy
5082.12	Comedy	Comedy
189	Romance	Romantic Comedy
165	Romance	Romantic Comedy
5101.01	Tragedy	Tragedy
5101.02	Tragedy	Tragedy
5082.13	Comedy	Comedy
5082.14	Tragicomedy	Tragicomedy
5082.15	History	History
5082.20	History	History
5082.26	Tragedy	Tragedy
5082.29	Tragedy	Tragedy
5082.30	Tragedy	Tragedy
5082.31	Tragedy	Tragedy
5082.35	Tragedy	Tragedy
5082.36	Tragicomedy	Tragicomedy
5082.24	History	History
5102.02	Tragedy	Tragedy
5102.03	Tragedy	Tragedy
5100.01	Tragedy	Tragedy
164	Romance	Romantic Comedy
5102.11	Comedy	Comedy
5102.12	Comedy	Comedy
5102.09	Comedy	Comedy
5102.10	Comedy	Comedy
5102.04	Tragedy	Tragedy
5102.05	Tragedy	Tragedy
5102.06	Comedy	Comedy
5102.07	Comedy	Comedy
5102.08	Comedy	Comedy
1162	Pastoral	Pastoral Tragicomedy
5044.01	Entertainment	Royal Entertainment
1161	Tragicomedy	Pastoral Tragicomedy
5104.01	Romance	Romance
1037	Tragicomedy	Pastoral Tragicomedy
5095.01	Comedy	Comic Show
5095.02	Monologue	Monologue
1169	Romance	Pastoral Romance
5096.01	Comedy	Comic Show
5096.02	Monologue	Monologue
1168	Romance	Pastoral Romance
5106.02	Tragedy	Tragedy
5106.01	Tragedy	Tragedy
5106.03	Tragedy	Tragedy
5106.04	Tragedy	Tragedy
916	Tragedy	Tragedy
5105.01	Dialogue	Dialogue
5105.02	Dialogue	Dialogue
5105.03	Dialogue	Dialogue
5107.01	Masque	Masque
5000.02	Romance	Romantic Interlude
1104	Pastoral	Pastoral Comedy
270	Romance	Romantic Comedy
5107.02	Masque	Masque
5000.01	Romance	Romantic Interlude
5111.01	Comedy	Comedy
5111.02	Pastoral	Pastoral
1131	Masque	Moral Masque
5045.01	Entertainment	Royal Entertainment
1130	Masque	Moral Masque
5119.01	Tragicomedy	Tragicomedy
5119.02	Tragicomedy	Tragicomedy
1125	Masque	Moral Masque
277	Romance	Romantic Comedy
273	Romance	Romantic Comedy
272	Romance	Romantic Comedy
271	Romance	Romantic Comedy
5133.02	Masque	Moral Masque
5118.01	Tragedy	Tragedy
5124.03	Masque	Masque
5124.06	Masque	Masque
5124.12	Entertainment	Entertainment
5118.02	Masque	Moral Masque
5118.03	Comedy	Comedy
440	Comedy	Comedy
5118.04	Comedy	Comedy
5118.05	Comedy	Comedy
5026.01	Entertainment	Royal Entertainment
5118.06	Comedy	Comedy
5118.09	Comedy	Comedy
5118.10	Tragedy	Tragedy
877	Masque	Moral Masque
5126.01	Masque	Masque
864	Masque	Moral Masque
5124.02	Masque	Masque
5124.08	Masque	Masque
5124.09	Masque	Masque
5124.10	Masque	Masque
5124.13	Masque	Masque
5124.07	Masque	Masque
5124.01	Masque	Christmas Show
5124.16	Entertainment	Royal Entertainment
5124.17	Entertainment	Royal Entertainment
5124.18	History	History
5124.19	Comedy	Comedy
5124.20	Comedy	Comedy
5124.21	Comedy	Comic Pastoral
5124.04	Masque	Masque
5124.14	Masque	Masque
5124.15	Masque	Masque
5124.11	Masque	Masque
334	Interlude	Moral Interlude
5125.01	Comedy	Comedy
107	Interlude	Moral Interlude
5074.25	Masque	Wedding Masque
5076.02	Comedy	Comedy
5076.01	Comedy	Comedy
5076.03	Comedy	Comedy
5076.04	Comedy	Comedy
5076.10	Entertainment	Coronation Entertainment
5076.11	Entertainment	Royal Entertainment
5076.17	Masque	Masque and Barriers
5076.15	Masque	Masque
5076.16	Masque	Masque
5076.18	Masque	Wedding Masque
5076.05	Tragedy	Tragedy
5076.06	Comedy	Comedy
5076.19	Masque	Masque
5076.09	Tragedy	Tragedy
5076.08	Comedy	Comedy
5076.07	Comedy	Comedy
5076.12	Entertainment	Royal Entertainment
5076.13	Entertainment	Royal Entertainment
5076.14	Entertainment	Royal Entertainment
5076.20	Entertainment	Speeches at Barriers
5076.21	Masque	Masque
5076.22	Masque	Masque
5076.23	Masque	Masque
5076.24	Entertainment	Tilt
5076.25	Masque	Masque
5076.26	Masque	Masque
5076.27	Masque	Masque
84	Interlude	Moral Interlude
5120.01	Masque	Masque
75	Interlude	Moral Interlude
5133.01	Entertainment	Entertainment
74	Interlude	Moral Interlude
5134.01	Masque	Masque
78	Interlude	Moral Interlude
5120.02	Masque	Masque
1108	Pastoral	Pastoral
77	Interlude	Moral Interlude
5112.01	Comedy	Comedy
5112.02	Pastoral	Pastoral
76	Interlude	Moral Interlude
58	Interlude	Moral Interlude
5130.01	Pastoral	Pastoral
45	Interlude	Moral Interlude
5132.01	Tragicomedy	Tragicomedy
5132.02	Tragicomedy	Tragicomedy
44	Interlude	Moral Interlude
5127.01	Masque	Masque
39	Interlude	Moral Interlude
5114.04	Comedy	Comedy
5114.01	Comedy	Comedy
5114.02	Pastoral	Pastoral
5114.03	Comedy	Comedy
5133.02	Morality	Moral Masque
37	Interlude	Moral Interlude
5135.01	Tragedy	Tragedy; Tragicomedy
5135.02	Tragedy	Tragedy; Tragicomedy
5135.04	Tragedy	Tragedy
5135.03	Comedy	Comedy
30	Interlude	Moral Interlude
16	Interlude	Moral Interlude
5002.02	Interlude	Moral Interlude
5138.02	Comedy	Comedy
5145.01	Comedy	Comedy
5143.01	Tragicomedy	Tragicomedy
5143.02	Comedy	Comedy
5143.03	Comedy	Comedy
5143.04	Comedy	Comedy
5143.05	Comedy	Comedy
5143.06	Comedy	Comedy
5143.07	Comedy	Comedy
5143.08	Comedy	Comedy
5143.09	History	Classical History
5143.10	Comedy	Comedy
5143.11	Tragicomedy	Tragicomedy
5143.12	Tragicomedy	Tragicomedy
5143.13	Tragicomedy	Tragicomedy
5143.14	Tragicomedy	Tragicomedy
5143.15	Tragicomedy	Tragicomedy
18	Interlude	Comic Interlude
19	Interlude	Comic Interlude
5002.01	Interlude	Moral Interlude
5144.01	Comedy	Latin Comedy
5144.02	Morality	Latin Moral
5143.16	Comedy	Comedy
5143.17	Comedy	Comedy
5143.18	Tragicomedy	Tragicomedy
5143.19	Tragedy	Tragedy
5143.20	Comedy	Comedy
5143.21	Tragedy	Tragedy
5143.22	Comedy	Comedy
5143.23	Tragicomedy	Tragicomedy
5143.24	Comedy	Comedy
5143.25	Comedy	Comedy
5143.26	Tragicomedy	Tragicomedy
5143.27	Tragicomedy	Tragicomedy
5143.28	Tragicomedy	Tragicomedy
5143.29	Tragicomedy	Tragicomedy
5143.30	Comedy	Comedy
5144.03	Comedy	Latin Comedy
5144.04	Comedy	Latin Comedy
12	Interlude	Moral Interlude
5138.01	Tragedy	Tragedy; Tragicomedy
5143.31	Tragedy	Tragedy
5143.32	Comedy	Comedy
5143.33	Tragicomedy	Tragicomedy
5143.35	Morality	Moral
26	Interlude	Moral Interlude
5138.03	Tragedy	Tragedy
25	Interlude	Moral Interlude
5145.02	Comedy	Comedy
24	Interlude	Moral Interlude
5128.01	Masque	Masque
10	Interlude	Moral Interlude
9	Interlude	Moral Interlude
5146.02	Tragicomedy	Tragicomedy
5146.01	Tragicomedy	Tragicomedy
5146.03	Comedy	Comedy
5165.02	Comedy	Comedy
5165.03	Tragicomedy	Tragicomedy
8	Interlude	Moral Interlude
5146.04	Tragicomedy	Tragicomedy
5146.05	Tragicomedy	Tragicomedy
3	Interlude	Moral Interlude
5147.01	Comedy	Comedy
5147.02	Comedy	Comedy
5147.03	Comedy	Comedy
5147.05	Comedy	Comedy
5147.04	Comedy	Comedy
5147.06	History	Foreign History
269	Romance	Romantic Comedy
5148.06	Tragicomedy	Tragicomedy
5148.07	Tragedy	Tragedy
5148.01	Tragicomedy	Tragicomedy
5148.03	Comedy	Comedy
5148.05	Comedy	Comedy
5148.04	Tragedy	Tragedy
5148.02	Comedy	Comedy
5148.08	Tragedy	Tragedy
5116.01	Comedy	Comedy
5116.02	Pastoral	Pastoral
267	Romance	Romantic Comedy
268	Romance	Romantic Comedy
5116.05	Comedy	Comedy
5116.03	Comedy	Comic Show
266	Romance	Romantic Comedy
5150.01	Masque	Masque
2	Interlude	Moral Interlude
265	Romance	Romantic Comedy
5153.01	Comedy	Comedy
5153.02	Comedy	Comedy
5153.03	Comedy	Comedy
5153.04	Comedy	Comedy
5153.05	Comedy	Comedy
262	Romance	Romantic Comedy
5155.01	Comedy	Comedy
5155.02	Comedy	Comedy
5163.02	Jig	Jig
914	Tragedy	Tragedy
5165.01	Tragicomedy	Tragicomedy
5155.03	Tragicomedy	Tragicomedy
5155.04	Tragicomedy	Tragicomedy
5155.05	Tragedy	Tragedy
5155.06	Tragicomedy	Tragicomedy
263	Romance	Romantic Comedy
261	Romance	Romantic Comedy
5157.01	Entertainment	Translation of French Royal Entertainment
5157.02	Entertainment	Translation of French Royal Entertainment
98	Allegory	Moral Allegory
5158.01	Tragedy	Tragedy
5158.02	Tragedy	Tragedy
1109	Allegory	Moral Allegory
5161.01	Tragicomedy	Tragicomedy
5161.02	Tragicomedy	Tragicomedy
97	Allegory	Moral Allegory
5162.01	Tragicomedy	Tragicomedy
5162.02	Tragicomedy	Tragicomedy
96	Allegory	Moral Allegory
5163.01	Pastoral	Pastoral
5163.03	Pastoral	Pastoral
5163.04	Droll	Droll
5046.01	Entertainment	Royal Entertainment
1198	Satire	Latin Satirical Comedy
5164.01	Pastoral	Pastoral
5164.02	Droll	Droll
5124.21	Pastoral	Comic Pastoral
5169.01	Tragedy	Tragedy
5169.02	Tragedy	Tragedy
5169.03	Tragedy	Tragedy
859	Tragedy	Tragedy and History
5170.01	Tragicomedy	Tragicomedy
5170.02	Tragicomedy	Tragicomedy
103	Morality	Satirical Moral
5171.01	Comedy	Comedy
5171.02	Tragedy	Tragedy
418	Comedy	Satirical Comedy
5131.01	Pastoral	Pastoral
417	Comedy	Satirical Comedy
11	Romance	Romantic Interlude
5173.02	Comedy	Comedy
5173.03	Comedy	Comedy
5173.01	Masque	Masque
1171	Interlude	Comic Interlude
5176.01	Comedy	Comedy
5176.03	Comedy	Comedy
1112	Interlude	Comic Interlude
5179.01	Morality	Moral
5179.02	Entertainment	Entertainment
1057	Interlude	Comic Interlude
708	Comedy	Comedy
1213	Pastoral	Latin Pastoral
1011	Interlude	Comic Interlude
5139.01	Tragicomedy	Tragedy; Tragicomedy
5139.03	Tragedy	Tragedy
5139.02	Comedy	Comedy
5140.04	Tragicomedy	Tragicomedy
29	Interlude	Comic Interlude
5182.02	Comedy	Comedy
5182.03	Tragicomedy	Tragicomedy
5182.04	Comedy	Comedy
5182.05	Comedy	Comedy
28	Interlude	Comic Interlude
5078.10	Civic Pageant	Civic Pageant
5182.06	Tragicomedy	Tragicomedy
27	Interlude	Comic Interlude
5016.01	Tragedy	Tragedy
20	Interlude	Comic Interlude
971	Comedy	Comedy
2	Morality	Moral Interlude
1156	Comedy	Comedy
1157	Comedy	Comedy
1158	Comedy	Comedy
1159	Comedy	Comedy
1211	Comedy	Latin Political Comedy
135	History	History
1194	Comedy	Latin Comedy
1187	Tragedy	Latin Tragedy
5172.01	Comedy	Comedy
5172.02	Neo-miracle	Neo-miracle
510	Comedy	Comedy
594	Civic Pageant	Civic Pageant
5126.02	Masque	Masque
5116.04	Monologue	Monologue
791	Comedy	Comedy
112	Classical Legend	Classical Legend (Comedy)
111	Classical Legend	Classical Legend (Comedy)
605	Burlesque	Burlesque Romance
604	Burlesque	Burlesque Romance
451	Morality	Academic Moral
452	Morality	Academic Moral
453	Morality	Academic Moral
454	Morality	Academic Moral
455	Morality	Academic Moral
848	Entertainment	Academic Entertainment
118	Classical Legend	Classical Legend (Comedy)
133	Classical Legend	Classical Legend (Comedy)
5098.01	Classical Legend	Classical Legend (Comedy)
5098.03	Classical Legend	Classical Legend (Comedy)
5098.04	Classical Legend	Classical Legend (Comedy)
140	Classical Legend	Classical Legend (Comedy)
5098.05	Classical Legend	Classical Legend (Comedy)
5098.02	Classical Legend	Classical Legend (Comedy)
114	Pastoral	Classical Legend (Pastoral)
617	Dialogue	Comic Dialogue
618	Dialogue	Comic Dialogue
629	Dialogue	Comic Dialogue
655	Dialogue	Comic Dialogue
675	Dialogue	Comic Dialogue
1191	Comedy	Latin Play
38	Interlude	not in Annals
596	Classical Legend	Classical Legend
902	Tragicomedy	Tragedy; Tragicomedy
903	Tragicomedy	Tragedy; Tragicomedy
5135.01	Tragicomedy	Tragedy; Tragicomedy
904	Tragicomedy	Tragedy; Tragicomedy
5138.01	Tragicomedy	Tragedy; Tragicomedy
905	Tragicomedy	Tragedy; Tragicomedy
5135.02	Tragicomedy	Tragedy; Tragicomedy
5139.01	Tragedy	Tragedy; Tragicomedy
139	Tragedy	Tragedy